order_id,order_date,region,customer_segment,category,fulfillment_mode,units_sold,unit_price,discount,sales,profit,inventory_on_hand,reorder_point,stockout_flag,processing_hours
1,2025-06-15,Prairies,Corporate,Home,Standard,7,83.58,0,585.06,135.04,129,33,0,6.0
2,2025-02-14,Prairies,Consumer,Apparel,Pickup,4,64.9,0,259.6,82.95,57,23,0,4.6
3,2025-01-26,Atlantic,Corporate,Home,Standard,5,54.27,0,271.35,51.46,143,31,0,4.8
4,2025-10-25,Ontario,Small Business,Health & Beauty,Pickup,6,36.89,0.1,199.21,56.83,174,54,0,6.0
5,2025-06-10,BC,Small Business,Apparel,Pickup,3,54.1,0,162.3,48.78,147,39,0,4.1
6,2025-06-25,Prairies,Small Business,Seasonal,Standard,3,50.25,0.1,135.68,11.05,38,51,1,9.7
7,2025-10-13,Quebec,Small Business,Health & Beauty,Standard,3,15.61,0.1,42.15,11.14,23,37,1,7.3
8,2025-02-01,Quebec,Corporate,Seasonal,Standard,1,41.31,0.05,39.24,6.73,171,42,0,7.4
9,2025-08-25,Ontario,Corporate,Grocery,Pickup,4,23.8,0.2,76.16,0.36,101,45,0,8.7
10,2025-02-11,Prairies,Small Business,Home,Same Day,1,54.47,0.2,43.58,1.49,180,46,0,6.6
11,2025-12-16,Ontario,Consumer,Apparel,Same Day,4,49.49,0.15,168.27,32.78,150,31,0,7.8
12,2025-05-25,Ontario,Small Business,Electronics,Pickup,1,161.36,0,161.36,32.05,131,23,0,4.6
13,2025-12-15,BC,Small Business,Office Supplies,Standard,2,42.33,0.05,80.43,17.73,17,33,1,7.5
14,2025-06-24,Atlantic,Consumer,Health & Beauty,Express,5,28.01,0,140.05,54.95,18,33,0,4.6
15,2025-11-21,Quebec,Corporate,Grocery,Same Day,3,24.97,0.2,59.93,-5.4,122,50,0,5.9
16,2025-02-13,Atlantic,Corporate,Home,Standard,3,86.05,0.2,206.52,12.98,52,53,1,5.7
17,2025-09-28,Atlantic,Corporate,Grocery,Same Day,5,14.32,0,71.6,11.63,138,52,0,6.6
18,2025-11-22,BC,Consumer,Home,Standard,5,27.53,0.15,117.0,15.07,126,42,0,4.2
19,2025-01-15,Quebec,Small Business,Office Supplies,Standard,3,53.78,0,161.34,29.21,89,43,0,7.0
20,2025-04-23,Ontario,Small Business,Electronics,Same Day,4,220.23,0.1,792.83,90.92,0,50,0,5.2
21,2025-11-26,Atlantic,Small Business,Electronics,Standard,4,77.23,0.05,293.47,38.95,162,41,0,4.1
22,2025-07-22,Prairies,Corporate,Apparel,Express,7,36.7,0,256.9,82.07,151,49,0,5.5
23,2025-11-10,BC,Small Business,Office Supplies,Express,2,25.5,0.1,45.9,8.36,204,26,0,5.4
24,2025-08-11,Ontario,Consumer,Office Supplies,Pickup,5,36.48,0.1,164.16,31.71,66,54,0,8.2
25,2025-03-09,Quebec,Small Business,Electronics,Express,2,81.32,0.1,146.38,-2.71,128,28,0,7.6
26,2025-09-26,Atlantic,Small Business,Health & Beauty,Standard,4,14.76,0.2,47.23,8.85,121,27,0,4.3
27,2025-06-16,BC,Corporate,Seasonal,Standard,1,43.49,0,43.49,10.01,48,37,0,5.0
28,2025-02-20,Prairies,Corporate,Health & Beauty,Express,8,31.62,0,252.96,72.95,129,52,0,6.5
29,2025-12-21,Prairies,Corporate,Grocery,Express,1,20.18,0,20.18,3.11,66,55,0,1.6
30,2025-08-18,Prairies,Consumer,Home,Standard,2,83.36,0.15,141.71,17.14,171,39,0,6.3
31,2025-03-21,Quebec,Consumer,Seasonal,Express,3,65.46,0.05,186.56,37.08,101,51,0,10.3
32,2025-12-08,Ontario,Consumer,Office Supplies,Same Day,2,5,0.05,9.5,2.05,81,25,0,6.6
33,2025-01-10,BC,Small Business,Grocery,Express,3,22.54,0,67.62,9.92,16,27,0,5.3
34,2025-02-23,Quebec,Small Business,Electronics,Pickup,7,206.95,0,1448.65,206.7,217,36,0,1.8
35,2025-03-18,BC,Corporate,Health & Beauty,Same Day,2,28.3,0,56.6,22.48,108,24,0,6.6
36,2025-01-09,Atlantic,Small Business,Seasonal,Pickup,7,74.04,0,518.28,113.06,2,41,0,6.5
37,2025-05-18,Ontario,Consumer,Health & Beauty,Same Day,2,26.78,0,53.56,19.85,46,32,0,5.2
38,2025-11-18,BC,Consumer,Grocery,Standard,3,30.78,0,92.34,15.76,64,22,0,9.1
39,2025-01-10,BC,Corporate,Seasonal,Pickup,6,51.82,0,310.92,73.81,209,47,0,5.1
40,2025-10-07,Prairies,Corporate,Office Supplies,Pickup,3,42.97,0,128.91,29.45,180,28,0,8.7
41,2025-06-27,Ontario,Consumer,Electronics,Same Day,6,224.51,0,1347.06,172.09,170,44,0,5.8
42,2025-11-03,Quebec,Consumer,Home,Same Day,2,73.62,0.05,139.88,33.3,84,55,0,5.5
43,2025-05-06,Quebec,Consumer,Electronics,Express,3,182.28,0.05,519.5,66.47,167,32,0,6.3
44,2025-09-16,Atlantic,Consumer,Office Supplies,Express,3,40.29,0.05,114.83,22.48,76,39,0,4.5
45,2025-02-13,BC,Consumer,Health & Beauty,Same Day,2,15.0,0.1,27.0,6.28,126,29,0,6.6
46,2025-11-13,Ontario,Consumer,Seasonal,Express,5,27.81,0.1,125.14,11.85,207,52,0,3.2
47,2025-09-26,BC,Corporate,Office Supplies,Standard,5,15.94,0.2,63.76,5.24,182,34,0,2.2
48,2025-01-16,Ontario,Corporate,Electronics,Pickup,3,202.77,0.2,486.65,-15.73,4,54,0,5.7
49,2025-05-16,Prairies,Consumer,Electronics,Same Day,3,105.51,0.1,284.88,28.76,190,50,0,6.8
50,2025-02-08,Quebec,Consumer,Office Supplies,Standard,3,26.77,0.15,68.26,8.46,216,44,0,3.7
51,2025-09-03,Quebec,Consumer,Seasonal,Express,1,36.48,0,36.48,6.96,166,39,0,4.4
52,2025-01-07,Atlantic,Small Business,Apparel,Same Day,3,68.35,0.15,174.29,34.75,181,53,0,7.8
53,2025-08-26,Prairies,Consumer,Apparel,Pickup,6,44.16,0,264.96,106.77,4,38,1,7.4
54,2025-05-18,Ontario,Consumer,Apparel,Standard,4,48.1,0.15,163.54,15.09,33,52,1,7.3
55,2025-12-27,Ontario,Small Business,Grocery,Pickup,5,16.67,0,83.35,19.42,174,48,0,9.6
56,2025-06-04,Ontario,Small Business,Seasonal,Standard,3,68.94,0.2,165.46,7.06,86,45,0,7.0
57,2025-04-11,Atlantic,Corporate,Seasonal,Same Day,3,73.0,0.05,208.05,24.49,19,43,0,8.1
58,2025-01-25,Atlantic,Consumer,Grocery,Express,4,16.56,0,66.24,11.93,130,40,0,7.1
59,2025-07-11,Prairies,Consumer,Office Supplies,Express,5,19.0,0.1,85.5,11.05,12,46,1,7.0
60,2025-11-26,Quebec,Small Business,Office Supplies,Same Day,8,43.48,0,347.84,100.8,72,39,0,7.3
61,2025-12-01,Prairies,Corporate,Grocery,Express,4,30.82,0.15,104.79,4.29,41,24,0,6.2
62,2025-09-14,Prairies,Corporate,Office Supplies,Standard,4,61.18,0.2,195.78,17.45,49,35,0,5.8
63,2025-03-31,BC,Consumer,Grocery,Pickup,3,28.69,0.2,68.86,-3.84,191,46,0,3.7
64,2025-07-31,BC,Consumer,Seasonal,Express,2,67.22,0,134.44,22.55,92,28,0,5.5
65,2025-02-17,Ontario,Small Business,Grocery,Pickup,2,26.93,0,53.86,12.24,5,28,1,4.7
66,2025-10-28,Atlantic,Consumer,Apparel,Standard,1,67.69,0.2,54.15,5.73,114,35,0,5.1
67,2025-04-25,Ontario,Corporate,Home,Standard,4,67.93,0.2,217.38,15.17,195,49,0,2.7
68,2025-10-10,Atlantic,Consumer,Office Supplies,Pickup,4,26.27,0,105.08,26.19,32,36,1,6.7
69,2025-12-24,Atlantic,Consumer,Office Supplies,Standard,6,41.39,0.1,223.51,44.96,202,20,0,7.0
70,2025-10-03,Prairies,Small Business,Grocery,Pickup,6,19.17,0,115.02,17.38,63,21,0,5.7
71,2025-12-27,Quebec,Consumer,Seasonal,Same Day,6,58.09,0.15,296.26,26.69,58,47,0,4.8
72,2025-04-27,Atlantic,Corporate,Apparel,Standard,2,59.0,0.15,100.3,18.69,74,52,0,5.6
73,2025-04-16,Ontario,Small Business,Apparel,Pickup,4,34.71,0.05,131.9,37.2,75,26,0,8.8
74,2025-11-09,Ontario,Small Business,Home,Express,1,88.05,0.1,79.25,14.6,54,21,0,7.1
75,2025-08-01,Atlantic,Consumer,Electronics,Express,1,263.65,0,263.65,32.95,42,41,0,0.5
76,2025-04-05,BC,Corporate,Seasonal,Express,2,58.36,0.15,99.21,7.14,84,48,0,6.8
77,2025-02-25,Atlantic,Small Business,Electronics,Same Day,5,211.96,0,1059.8,82.09,97,42,0,4.2
78,2025-08-10,Atlantic,Corporate,Electronics,Pickup,2,190.1,0.05,361.19,40.94,121,21,0,7.3
79,2025-05-07,Prairies,Consumer,Office Supplies,Same Day,2,44.64,0.2,71.42,9.79,191,24,0,4.8
80,2025-07-05,Quebec,Corporate,Grocery,Express,7,25.45,0.15,151.43,7.11,0,24,1,9.5
81,2025-02-24,Prairies,Small Business,Apparel,Same Day,5,11.23,0.2,44.92,2.62,46,20,0,5.7
82,2025-12-21,Ontario,Corporate,Office Supplies,Express,4,59.25,0.05,225.15,41.62,20,52,1,10.7
83,2025-05-07,Atlantic,Corporate,Apparel,Same Day,6,49.22,0,295.32,98.18,26,24,0,7.3
84,2025-11-16,Ontario,Consumer,Electronics,Standard,1,269.54,0.05,256.06,28.14,117,35,0,6.4
85,2025-05-31,Quebec,Corporate,Grocery,Express,3,27.86,0,83.58,15.84,62,35,0,6.9
86,2025-05-25,Ontario,Small Business,Health & Beauty,Pickup,5,30.96,0,154.8,48.14,206,26,0,5.4
87,2025-01-19,Atlantic,Small Business,Electronics,Standard,5,149.33,0.05,709.32,77.93,75,34,0,5.2
88,2025-01-26,BC,Corporate,Home,Standard,4,79.09,0.1,284.72,53.85,66,20,0,3.9
89,2025-11-23,BC,Small Business,Health & Beauty,Same Day,4,37.21,0,148.84,74.87,9,33,0,7.8
90,2025-07-29,Quebec,Consumer,Seasonal,Pickup,3,49.66,0,148.98,34.88,16,46,1,5.6
91,2025-12-06,Ontario,Corporate,Health & Beauty,Pickup,1,24.98,0.05,23.73,6.79,72,39,0,3.6
92,2025-01-27,BC,Small Business,Grocery,Pickup,3,22.76,0.2,54.62,3.17,50,45,0,5.5
93,2025-04-15,Prairies,Consumer,Electronics,Express,1,233.81,0.05,222.12,14.74,197,30,0,4.6
94,2025-01-08,BC,Consumer,Electronics,Express,1,73.16,0,73.16,4.23,188,52,0,3.5
95,2025-03-16,Quebec,Consumer,Grocery,Same Day,1,19.67,0,19.67,2.56,202,32,0,7.7
96,2025-03-06,Atlantic,Small Business,Office Supplies,Express,2,50.4,0.15,85.68,7.2,158,30,0,8.3
97,2025-11-14,BC,Consumer,Apparel,Express,4,36.2,0,144.8,58.1,40,44,1,9.2
98,2025-05-07,Ontario,Consumer,Seasonal,Same Day,6,30.33,0.15,154.68,26.94,30,44,0,6.4
99,2025-11-29,Quebec,Corporate,Apparel,Pickup,4,60.64,0,242.56,65.35,5,20,0,6.2
100,2025-08-27,Prairies,Corporate,Home,Same Day,4,43.35,0,173.4,44.22,17,28,1,6.1
101,2025-02-16,Prairies,Corporate,Office Supplies,Standard,3,34.77,0.15,88.66,18.77,80,52,0,8.8
102,2025-01-28,BC,Small Business,Office Supplies,Express,1,17.43,0,17.43,6.15,187,27,0,0.5
103,2025-03-09,Quebec,Consumer,Apparel,Express,2,21.83,0,43.66,15.02,193,36,0,6.2
104,2025-06-15,Quebec,Small Business,Health & Beauty,Same Day,5,37.08,0.05,176.13,54.26,129,35,0,7.0
105,2025-07-10,Ontario,Consumer,Electronics,Standard,1,231.1,0,231.1,23.95,43,36,0,1.7
106,2025-09-29,Quebec,Small Business,Electronics,Same Day,1,151.8,0,151.8,21.16,219,45,0,8.0
107,2025-05-16,Quebec,Corporate,Apparel,Same Day,5,56.22,0,281.1,80.58,190,23,0,5.9
108,2025-09-22,Quebec,Corporate,Grocery,Express,7,18.7,0.15,111.27,12.41,191,22,0,3.5
109,2025-03-18,BC,Corporate,Grocery,Standard,1,25.81,0,25.81,5.15,167,22,0,6.6
110,2025-01-28,BC,Small Business,Electronics,Express,3,252.34,0.1,681.32,46.69,150,28,0,8.1
111,2025-07-07,Prairies,Consumer,Health & Beauty,Same Day,7,45.24,0,316.68,104.01,16,29,0,3.4
112,2025-07-25,Quebec,Consumer,Office Supplies,Pickup,7,42.85,0,299.95,67.93,154,53,0,4.0
113,2025-05-08,Atlantic,Consumer,Home,Standard,4,72.09,0,288.36,69.52,199,26,0,6.2
114,2025-11-10,Ontario,Consumer,Health & Beauty,Same Day,1,34.15,0.15,29.03,4.72,208,31,0,5.4
115,2025-02-02,Atlantic,Corporate,Grocery,Pickup,4,10.05,0,40.2,6.02,119,25,0,7.0
116,2025-03-31,Atlantic,Small Business,Home,Standard,4,76.85,0,307.4,95.49,216,36,0,2.6
117,2025-05-17,BC,Corporate,Seasonal,Standard,1,68.27,0.1,61.44,10.63,55,25,0,5.2
118,2025-03-28,Ontario,Corporate,Grocery,Pickup,4,26.34,0,105.36,20.46,153,35,0,7.4
119,2025-11-19,BC,Small Business,Seasonal,Same Day,1,59.12,0,59.12,14.59,185,34,0,3.8
120,2025-04-19,BC,Corporate,Apparel,Same Day,7,61.26,0,428.82,141.11,159,30,0,5.7
121,2025-03-14,Atlantic,Consumer,Seasonal,Same Day,6,62.65,0.15,319.51,36.57,11,24,0,5.7
122,2025-04-13,BC,Corporate,Office Supplies,Standard,7,44.92,0.15,267.27,44.87,52,33,0,5.2
123,2025-01-18,Atlantic,Corporate,Electronics,Same Day,2,127.01,0,254.02,49.53,52,38,0,7.4
124,2025-06-22,Quebec,Consumer,Apparel,Pickup,1,74.27,0,74.27,22.42,82,52,0,3.6
125,2025-05-28,Atlantic,Small Business,Health & Beauty,Standard,6,30.31,0,181.86,55.34,137,33,0,8.1
126,2025-10-22,Quebec,Consumer,Office Supplies,Pickup,1,40.83,0,40.83,11.37,1,42,1,2.5
127,2025-12-22,Ontario,Small Business,Office Supplies,Express,1,18.11,0.1,16.3,2.99,72,33,0,10.3
128,2025-09-13,Atlantic,Corporate,Home,Standard,4,41.71,0.15,141.81,14.55,83,42,0,5.1
129,2025-07-25,Atlantic,Small Business,Apparel,Express,4,42.71,0,170.84,50.59,139,52,0,7.5
130,2025-07-14,Ontario,Small Business,Seasonal,Express,5,73.49,0.15,312.33,31.57,89,40,0,2.6
131,2025-08-19,BC,Corporate,Seasonal,Express,3,74.23,0.15,189.29,20.39,32,41,1,5.4
132,2025-09-17,Quebec,Small Business,Home,Same Day,4,24.16,0.1,86.98,15.06,63,40,0,6.5
133,2025-03-24,Quebec,Consumer,Home,Express,3,130.92,0,392.76,106.03,50,44,0,8.0
134,2025-03-17,Quebec,Corporate,Office Supplies,Pickup,3,44.37,0,133.11,34.3,52,44,0,4.8
135,2025-01-18,Prairies,Small Business,Electronics,Standard,3,110.41,0.15,281.55,4.95,65,45,0,5.9
136,2025-05-05,Prairies,Corporate,Office Supplies,Express,1,25.87,0.05,24.58,6.48,167,34,0,3.1
137,2025-11-25,Prairies,Small Business,Electronics,Same Day,2,261.77,0,523.54,85.61,102,30,0,4.6
138,2025-08-05,Prairies,Consumer,Apparel,Standard,2,33.82,0.15,57.49,8.45,167,40,0,2.1
139,2025-07-19,Prairies,Consumer,Office Supplies,Pickup,6,38.64,0,231.84,57.79,51,53,1,3.2
140,2025-10-05,Prairies,Corporate,Home,Express,7,74.39,0,520.73,103.76,116,33,0,5.2
141,2025-07-20,Atlantic,Corporate,Health & Beauty,Pickup,5,27.11,0,135.55,46.0,15,20,1,10.0
142,2025-11-18,Quebec,Corporate,Seasonal,Pickup,3,68.66,0.15,175.08,3.44,56,45,0,8.4
143,2025-04-19,Ontario,Consumer,Home,Same Day,5,37.66,0.05,178.88,28.61,208,29,0,3.0
144,2025-12-08,Prairies,Small Business,Seasonal,Same Day,7,54.21,0.15,322.55,49.52,90,34,0,8.2
145,2025-12-27,Quebec,Small Business,Apparel,Same Day,3,28.72,0.2,68.93,9.94,62,39,0,3.9
146,2025-09-03,Prairies,Corporate,Apparel,Standard,2,27.44,0,54.88,18.08,98,23,0,6.9
147,2025-10-17,Ontario,Corporate,Grocery,Standard,5,12.49,0,62.45,10.3,18,38,1,6.9
148,2025-10-24,Ontario,Consumer,Home,Standard,4,47.71,0,190.84,47.8,136,30,0,7.5
149,2025-12-09,Quebec,Consumer,Health & Beauty,Pickup,2,28.24,0,56.48,19.08,29,55,1,5.9
150,2025-04-30,Ontario,Small Business,Office Supplies,Express,3,35.18,0.05,100.26,28.22,63,51,0,3.8
151,2025-10-04,Atlantic,Consumer,Health & Beauty,Pickup,5,18.73,0.1,84.29,19.09,119,43,0,5.5
152,2025-08-03,Atlantic,Consumer,Seasonal,Standard,2,34.24,0,68.48,15.9,188,41,0,5.6
153,2025-09-19,Prairies,Consumer,Apparel,Same Day,7,50.3,0.15,299.28,60.59,168,43,0,6.1
154,2025-08-31,BC,Corporate,Office Supplies,Pickup,4,26.64,0.05,101.23,21.6,13,38,1,9.3
155,2025-07-26,BC,Small Business,Grocery,Same Day,5,16.93,0,84.65,11.85,84,32,0,2.6
156,2025-06-03,BC,Corporate,Home,Pickup,9,113.08,0.05,966.83,179.61,139,23,0,1.4
157,2025-06-03,Atlantic,Consumer,Electronics,Pickup,5,312.1,0.1,1404.45,86.25,128,54,0,4.8
158,2025-11-12,BC,Corporate,Home,Pickup,4,73.46,0.15,249.76,13.62,25,31,0,6.4
159,2025-02-21,Atlantic,Small Business,Seasonal,Pickup,4,47.42,0,189.68,36.31,77,31,0,4.9
160,2025-01-18,Atlantic,Small Business,Grocery,Pickup,1,17.9,0,17.9,2.35,211,27,0,5.5
161,2025-10-22,Prairies,Small Business,Seasonal,Standard,6,66.91,0.1,361.31,22.06,39,50,0,2.9
162,2025-02-12,Prairies,Consumer,Seasonal,Express,6,38.54,0.05,219.68,52.87,31,25,0,5.6
163,2025-03-04,Prairies,Consumer,Home,Express,3,101.38,0.05,288.93,57.02,12,43,0,4.2
164,2025-02-13,BC,Corporate,Grocery,Standard,1,22.14,0,22.14,4.23,8,20,1,7.7
165,2025-07-19,Quebec,Corporate,Grocery,Pickup,1,10.6,0.2,8.48,0.05,94,48,0,5.6
166,2025-12-13,Ontario,Consumer,Home,Same Day,2,96.7,0.15,164.39,22.12,199,48,0,3.3
167,2025-10-18,Quebec,Small Business,Grocery,Express,9,29.73,0.15,227.43,17.59,155,20,0,2.9
168,2025-11-04,Quebec,Corporate,Office Supplies,Pickup,1,46.13,0.05,43.82,8.78,197,34,0,6.8
169,2025-05-26,Atlantic,Small Business,Seasonal,Same Day,3,75.1,0.1,202.77,40.48,200,22,0,3.9
170,2025-03-14,BC,Consumer,Office Supplies,Standard,3,58.64,0.2,140.74,6.17,127,42,0,4.5
171,2025-10-04,Prairies,Small Business,Health & Beauty,Express,5,43.54,0,217.7,72.92,101,49,0,6.1
172,2025-05-11,Atlantic,Small Business,Health & Beauty,Same Day,3,29.05,0.2,69.72,11.93,101,53,0,6.1
173,2025-09-25,Prairies,Corporate,Grocery,Same Day,2,19.35,0,38.7,9.31,74,43,0,7.5
174,2025-07-26,BC,Consumer,Office Supplies,Standard,4,62.71,0.05,238.3,51.64,161,49,0,6.2
175,2025-03-21,BC,Consumer,Grocery,Express,2,29.71,0,59.42,12.03,144,51,0,6.3
176,2025-05-14,Quebec,Small Business,Office Supplies,Same Day,5,42.64,0.1,191.88,44.73,65,22,0,0.8
177,2025-04-13,Prairies,Consumer,Home,Pickup,4,71.12,0,284.48,76.94,216,24,0,3.9
178,2025-03-03,Atlantic,Small Business,Seasonal,Pickup,3,67.74,0,203.22,56.36,100,31,0,4.7
179,2025-03-23,Ontario,Corporate,Grocery,Standard,4,24.13,0,96.52,18.63,141,21,0,5.2
180,2025-05-13,BC,Corporate,Office Supplies,Express,3,14.3,0.05,40.76,10.23,193,20,0,5.9
181,2025-12-13,Quebec,Corporate,Seasonal,Same Day,1,37.38,0,37.38,6.81,99,27,0,5.9
182,2025-09-04,Ontario,Small Business,Apparel,Express,4,53.73,0.15,182.68,41.1,49,22,0,4.1
183,2025-04-23,BC,Small Business,Electronics,Standard,4,157.75,0.05,599.45,112.76,98,21,0,4.3
184,2025-08-20,Quebec,Consumer,Grocery,Express,1,23.52,0,23.52,3.48,46,48,0,8.3
185,2025-08-13,Ontario,Small Business,Office Supplies,Same Day,2,39.53,0,79.06,20.55,85,30,0,9.3
186,2025-09-09,Quebec,Small Business,Electronics,Pickup,4,162.27,0.1,584.17,81.53,171,33,0,7.0
187,2025-05-27,Quebec,Consumer,Electronics,Express,6,167.73,0,1006.38,232.53,24,44,1,7.9
188,2025-01-30,Quebec,Consumer,Office Supplies,Same Day,4,34.71,0.2,111.07,6.91,113,20,0,5.4
189,2025-04-06,Prairies,Consumer,Grocery,Express,5,19.16,0.1,86.22,11.42,133,34,0,9.0
190,2025-04-11,Atlantic,Consumer,Health & Beauty,Same Day,6,17.83,0.2,85.58,15.06,156,32,0,6.8
191,2025-04-14,Atlantic,Corporate,Electronics,Same Day,3,115.86,0.15,295.44,18.26,88,41,0,4.3
192,2025-11-24,Prairies,Consumer,Office Supplies,Same Day,8,37.61,0.05,285.84,77.07,63,31,0,7.7
193,2025-01-19,Quebec,Corporate,Home,Express,3,68.67,0.1,185.41,47.44,18,27,1,5.8
194,2025-06-14,Prairies,Corporate,Office Supplies,Standard,4,30.65,0.2,98.08,15.75,114,52,0,7.5
195,2025-09-29,BC,Consumer,Office Supplies,Standard,9,39.16,0,352.44,88.89,79,36,0,4.7
196,2025-01-10,Ontario,Small Business,Electronics,Same Day,6,189.45,0.1,1023.03,31.96,113,26,0,5.8
197,2025-02-18,Ontario,Consumer,Seasonal,Pickup,3,76.3,0.1,206.01,22.17,31,27,0,5.5
198,2025-03-12,BC,Consumer,Health & Beauty,Pickup,4,23.76,0.1,85.54,18.9,211,21,0,6.0
199,2025-12-22,BC,Corporate,Apparel,Pickup,2,42.47,0,84.94,26.85,61,41,0,3.7
200,2025-10-16,Quebec,Small Business,Office Supplies,Pickup,4,31.68,0.1,114.05,25.84,90,35,0,7.9
201,2025-12-06,Atlantic,Small Business,Seasonal,Pickup,4,62.85,0,251.4,44.43,5,34,1,9.0
202,2025-08-21,Atlantic,Consumer,Seasonal,Standard,6,60.91,0,365.46,98.18,160,54,0,4.1
203,2025-11-15,Quebec,Consumer,Electronics,Standard,1,171.45,0,171.45,22.64,165,30,0,7.2
204,2025-01-31,BC,Small Business,Health & Beauty,Same Day,6,34.63,0,207.78,61.39,75,46,0,6.4
205,2025-05-21,Atlantic,Corporate,Home,Same Day,1,56.55,0.1,50.89,7.65,98,32,0,4.2
206,2025-08-24,Quebec,Corporate,Health & Beauty,Pickup,1,30.51,0,30.51,10.42,131,54,0,6.9
207,2025-10-27,Atlantic,Small Business,Apparel,Same Day,6,78.08,0,468.48,124.8,72,33,0,4.7
208,2025-01-30,Atlantic,Consumer,Office Supplies,Same Day,1,29.72,0,29.72,7.63,99,48,0,5.8
209,2025-02-25,Ontario,Corporate,Health & Beauty,Standard,3,22.34,0,67.02,22.06,51,37,0,4.5
210,2025-09-01,Ontario,Small Business,Grocery,Pickup,4,21.48,0.2,68.74,0.07,101,29,0,5.2
211,2025-05-24,BC,Corporate,Office Supplies,Pickup,6,50.37,0.15,256.89,22.64,74,42,0,6.3
212,2025-09-27,BC,Small Business,Health & Beauty,Express,3,27.08,0.15,69.05,17.09,113,39,0,3.6
213,2025-10-02,Ontario,Small Business,Grocery,Same Day,1,17.36,0,17.36,3.4,215,35,0,3.9
214,2025-04-15,Atlantic,Consumer,Apparel,Pickup,6,50.97,0.05,290.53,74.01,79,54,0,7.9
215,2025-09-22,BC,Corporate,Office Supplies,Standard,3,23.82,0,71.46,23.45,115,20,0,6.3
216,2025-09-26,Atlantic,Small Business,Home,Pickup,2,87.6,0.1,157.68,28.52,48,46,0,5.0
217,2025-07-25,BC,Corporate,Apparel,Same Day,2,61.13,0.2,97.81,17.78,93,24,0,6.5
218,2025-09-20,Atlantic,Corporate,Home,Same Day,6,46.93,0.2,225.26,27.89,107,30,0,4.6
219,2025-09-19,BC,Consumer,Home,Pickup,3,74.52,0.1,201.2,26.2,161,22,0,4.4
220,2025-01-06,Atlantic,Small Business,Office Supplies,Pickup,3,19.93,0,59.79,15.27,3,21,1,8.5
221,2025-10-11,Quebec,Corporate,Health & Beauty,Express,5,20.81,0,104.05,31.55,31,29,0,4.6
222,2025-09-23,BC,Consumer,Office Supplies,Standard,4,35.88,0.1,129.17,18.75,110,23,0,5.6
223,2025-12-17,BC,Small Business,Office Supplies,Same Day,4,42.1,0,168.4,48.04,25,24,0,6.9
224,2025-04-09,BC,Small Business,Apparel,Express,5,46.36,0.05,220.21,40.08,112,23,0,3.0
225,2025-05-08,Atlantic,Consumer,Home,Pickup,7,49.74,0,348.18,111.52,116,39,0,5.7
226,2025-11-05,Prairies,Consumer,Grocery,Standard,4,29.65,0.15,100.81,2.46,102,51,0,4.5
227,2025-05-05,Ontario,Consumer,Electronics,Pickup,3,211.45,0,634.35,69.67,85,54,0,6.7
228,2025-06-21,Atlantic,Consumer,Apparel,Express,1,61.33,0.1,55.2,12.74,72,42,0,6.8
229,2025-08-12,Quebec,Corporate,Electronics,Express,7,198.02,0,1386.14,187.37,69,54,0,4.7
230,2025-10-12,Prairies,Consumer,Apparel,Same Day,5,57.37,0.15,243.82,34.95,148,33,0,7.1
231,2025-09-01,Ontario,Consumer,Health & Beauty,Express,5,16.58,0.15,70.46,19.3,112,43,0,5.5
232,2025-07-26,BC,Consumer,Health & Beauty,Standard,6,39.59,0.15,201.91,34.35,69,44,0,5.3
233,2025-12-03,BC,Consumer,Seasonal,Express,3,72.76,0,218.28,42.87,59,40,0,2.2
234,2025-12-06,Atlantic,Corporate,Electronics,Express,7,121.29,0.2,679.22,-16.5,79,25,0,6.2
235,2025-05-28,Prairies,Small Business,Home,Same Day,1,107.18,0.05,101.82,21.68,220,28,0,1.4
236,2025-04-01,Quebec,Corporate,Electronics,Pickup,4,88.06,0.05,334.63,54.08,118,35,0,6.0
237,2025-06-30,Atlantic,Consumer,Seasonal,Express,3,69.79,0.1,188.43,25.19,10,45,1,4.9
238,2025-08-09,Quebec,Consumer,Home,Pickup,3,74.72,0,224.16,39.12,144,34,0,2.0
239,2025-09-24,Prairies,Corporate,Grocery,Standard,3,15.46,0,46.38,10.75,167,38,0,7.7
240,2025-10-27,Atlantic,Consumer,Health & Beauty,Pickup,3,25.55,0,76.65,27.75,191,25,0,9.8
241,2025-12-22,Prairies,Corporate,Seasonal,Same Day,2,45.99,0.1,82.78,18.35,108,48,0,8.1
242,2025-12-21,Prairies,Corporate,Health & Beauty,Pickup,6,33.08,0.05,188.56,49.78,199,28,0,2.1
243,2025-04-07,BC,Small Business,Electronics,Express,4,213.51,0.2,683.23,-35.9,63,23,0,3.6
244,2025-07-03,Prairies,Consumer,Grocery,Express,4,28.33,0,113.32,18.36,123,35,0,3.4
245,2025-01-04,Prairies,Consumer,Health & Beauty,Same Day,5,24.42,0,122.1,46.64,150,35,0,7.8
246,2025-11-19,Atlantic,Corporate,Office Supplies,Express,1,48.3,0.15,41.05,5.05,118,45,0,3.2
247,2025-02-28,Quebec,Consumer,Seasonal,Standard,3,65.06,0,195.18,48.21,28,39,1,7.0
248,2025-03-24,Prairies,Small Business,Grocery,Standard,2,19.32,0.1,34.78,3.66,192,51,0,5.6
249,2025-06-19,BC,Small Business,Seasonal,Same Day,5,69.09,0.05,328.18,36.16,82,20,0,5.8
250,2025-02-16,Quebec,Corporate,Seasonal,Standard,1,34.62,0.15,29.43,2.94,35,21,0,7.0
251,2025-07-22,Ontario,Small Business,Office Supplies,Same Day,1,58.12,0.1,52.31,12.65,43,26,0,1.7
252,2025-11-12,Prairies,Consumer,Grocery,Express,2,16.23,0,32.46,4.73,94,36,0,7.4
253,2025-01-30,Atlantic,Corporate,Electronics,Pickup,5,45.76,0.15,194.48,1.83,55,51,0,5.9
254,2025-09-13,Ontario,Small Business,Seasonal,Standard,1,38.76,0,38.76,8.18,113,45,0,4.4
255,2025-01-21,Prairies,Small Business,Office Supplies,Pickup,5,53.29,0,266.45,86.29,213,52,0,6.0
256,2025-03-15,Atlantic,Corporate,Grocery,Express,6,26.13,0,156.78,28.99,211,31,0,5.6
257,2025-07-13,Atlantic,Small Business,Grocery,Pickup,5,11.11,0.1,49.99,5.28,82,53,0,6.3
258,2025-08-08,Ontario,Small Business,Health & Beauty,Pickup,6,24.76,0.2,118.85,24.18,84,39,0,2.5
259,2025-07-08,Ontario,Small Business,Apparel,Standard,5,30.5,0.15,129.62,27.93,173,48,0,5.7
260,2025-03-17,BC,Small Business,Seasonal,Standard,1,39.42,0,39.42,6.67,101,36,0,5.0
261,2025-04-27,Ontario,Corporate,Home,Pickup,3,52.67,0.2,126.41,10.06,135,36,0,6.4
262,2025-04-27,Prairies,Consumer,Health & Beauty,Pickup,1,24.12,0.15,20.5,3.42,20,46,0,5.3
263,2025-03-10,BC,Corporate,Office Supplies,Pickup,1,33.94,0,33.94,6.75,131,26,0,1.9
264,2025-12-18,BC,Consumer,Apparel,Pickup,5,42.95,0.05,204.01,55.77,198,23,0,4.4
265,2025-05-02,Quebec,Consumer,Electronics,Standard,6,188.05,0,1128.3,135.82,34,47,0,5.8
266,2025-11-15,Ontario,Corporate,Office Supplies,Same Day,6,48.05,0,288.3,87.24,87,20,0,8.4
267,2025-03-04,Quebec,Corporate,Home,Same Day,3,10.61,0.15,27.06,1.26,90,26,0,5.8
268,2025-10-09,BC,Consumer,Grocery,Pickup,8,25.6,0,204.8,36.71,114,21,0,6.8
269,2025-02-28,Atlantic,Small Business,Office Supplies,Express,6,49.07,0,294.42,95.47,175,44,0,9.2
270,2025-10-29,BC,Corporate,Grocery,Standard,4,15.92,0.05,60.5,10.68,38,51,1,8.2
271,2025-01-19,Ontario,Corporate,Electronics,Pickup,5,93.58,0.05,444.5,70.12,177,48,0,1.1
272,2025-04-28,BC,Corporate,Office Supplies,Express,5,40.02,0,200.1,52.44,159,22,0,6.5
273,2025-03-28,Quebec,Corporate,Office Supplies,Same Day,1,38.23,0.05,36.32,9.52,85,50,0,4.8
274,2025-04-27,Ontario,Small Business,Electronics,Same Day,5,119.47,0.15,507.75,28.59,69,44,0,7.9
275,2025-02-02,Quebec,Small Business,Health & Beauty,Express,1,22.96,0,22.96,8.05,143,26,0,5.5
276,2025-08-07,BC,Corporate,Seasonal,Same Day,6,74.87,0.2,359.38,29.76,36,24,0,1.6
277,2025-06-24,Quebec,Corporate,Seasonal,Pickup,4,43.49,0.2,139.17,2.96,15,41,0,4.9
278,2025-09-15,Ontario,Consumer,Grocery,Pickup,5,21.91,0,109.55,28.58,116,45,0,5.7
279,2025-07-22,Quebec,Consumer,Health & Beauty,Standard,3,25.17,0.15,64.18,12.63,141,41,0,8.5
280,2025-04-08,Atlantic,Corporate,Health & Beauty,Pickup,5,39.64,0.05,188.29,48.39,109,24,0,8.2
281,2025-06-13,Quebec,Small Business,Home,Pickup,1,58.11,0.15,49.39,5.58,55,23,0,8.6
282,2025-08-18,BC,Small Business,Home,Standard,5,43.3,0,216.5,52.11,33,23,0,6.2
283,2025-02-07,BC,Small Business,Office Supplies,Standard,3,33.79,0,101.37,19.32,163,40,0,4.6
284,2025-04-19,Quebec,Corporate,Grocery,Standard,6,23.51,0.1,126.95,10.7,14,46,0,3.9
285,2025-11-17,Quebec,Small Business,Health & Beauty,Standard,6,27.24,0.05,155.27,47.57,81,40,0,5.2
286,2025-08-01,Quebec,Consumer,Health & Beauty,Pickup,4,31.16,0,124.64,32.99,91,43,0,4.8
287,2025-06-26,BC,Corporate,Health & Beauty,Standard,7,50.72,0.1,319.54,72.86,66,50,0,8.4
288,2025-11-28,BC,Corporate,Grocery,Pickup,2,23.8,0.1,42.84,2.94,64,20,0,5.2
289,2025-02-21,Quebec,Consumer,Seasonal,Standard,5,54.09,0.2,216.36,33.15,159,28,0,4.9
290,2025-01-31,BC,Consumer,Health & Beauty,Standard,2,25.89,0.1,46.6,11.41,45,30,0,6.4
291,2025-06-29,Ontario,Small Business,Office Supplies,Express,6,33.4,0.15,170.34,38.04,99,49,0,3.2
292,2025-06-15,Atlantic,Consumer,Office Supplies,Express,3,33.18,0.2,79.63,6.79,89,23,0,3.9
293,2025-10-16,Prairies,Small Business,Apparel,Express,6,37.5,0,225.0,71.56,181,47,0,5.6
294,2025-04-29,Ontario,Small Business,Grocery,Pickup,4,10.97,0,43.88,9.4,145,30,0,3.9
295,2025-05-17,Ontario,Small Business,Office Supplies,Express,3,45.77,0.05,130.44,32.75,81,48,0,4.4
296,2025-10-24,Ontario,Corporate,Electronics,Standard,1,264.29,0.2,211.43,-12.61,35,39,0,6.3
297,2025-03-19,Ontario,Small Business,Electronics,Pickup,5,263.49,0,1317.45,184.93,101,25,0,3.3
298,2025-06-23,Prairies,Small Business,Seasonal,Express,4,54.36,0,217.44,51.51,3,22,1,10.7
299,2025-10-22,Atlantic,Corporate,Apparel,Pickup,10,51.02,0,510.2,167.23,124,28,0,5.9
300,2025-01-02,Ontario,Corporate,Home,Standard,1,61.28,0.1,55.15,7.75,90,51,0,5.5
301,2025-06-28,Ontario,Corporate,Home,Pickup,6,86.78,0,520.68,124.24,11,32,1,8.8
302,2025-10-12,Quebec,Consumer,Grocery,Same Day,3,23.99,0.05,68.37,6.25,176,46,0,4.8
303,2025-07-24,Quebec,Corporate,Apparel,Standard,1,65.58,0.05,62.3,17.18,205,29,0,1.4
304,2025-05-03,BC,Small Business,Health & Beauty,Standard,2,13.12,0,26.24,9.63,22,22,0,2.9
305,2025-07-27,BC,Small Business,Seasonal,Pickup,3,35.91,0.15,91.57,5.24,0,50,0,10.4
306,2025-09-19,BC,Corporate,Grocery,Pickup,5,21.81,0.15,92.69,7.48,90,24,0,1.6
307,2025-09-27,BC,Corporate,Grocery,Same Day,3,15.91,0.15,40.57,3.14,156,36,0,2.7
308,2025-08-31,Quebec,Corporate,Office Supplies,Express,1,26.51,0,26.51,8.79,93,53,0,6.9
309,2025-09-28,Quebec,Consumer,Home,Same Day,3,57.5,0.15,146.62,9.46,211,22,0,6.2
310,2025-07-15,Prairies,Consumer,Grocery,Same Day,1,28.42,0.05,27.0,4.59,205,53,0,6.6
311,2025-08-20,Atlantic,Small Business,Seasonal,Express,1,94.99,0.15,80.74,11.57,187,31,0,7.3
312,2025-01-04,Ontario,Small Business,Seasonal,Standard,1,56.99,0.1,51.29,5.89,97,36,0,6.8
313,2025-10-12,Atlantic,Corporate,Home,Express,3,102.68,0,308.04,71.97,82,36,0,3.9
314,2025-05-16,Prairies,Consumer,Office Supplies,Same Day,1,32.75,0,32.75,9.25,202,38,0,7.5
315,2025-01-23,Prairies,Small Business,Seasonal,Same Day,1,77.52,0,77.52,20.29,155,36,0,5.1
316,2025-05-03,BC,Consumer,Apparel,Same Day,5,40.33,0.2,161.32,22.72,170,33,0,3.6
317,2025-02-06,Prairies,Small Business,Electronics,Pickup,2,220.53,0.15,374.9,7.65,151,49,0,5.0
318,2025-12-25,Prairies,Small Business,Office Supplies,Express,5,34.76,0,173.8,39.41,131,20,0,6.4
319,2025-04-13,BC,Consumer,Apparel,Express,5,39.09,0,195.45,62.2,30,25,0,2.1
320,2025-02-09,Atlantic,Consumer,Health & Beauty,Same Day,1,28.37,0,28.37,9.29,174,32,0,5.2
321,2025-09-05,Atlantic,Corporate,Office Supplies,Express,3,23.12,0.1,62.42,13.48,12,29,1,9.6
322,2025-09-23,Ontario,Corporate,Electronics,Pickup,3,228.56,0,685.68,65.83,76,55,0,7.5
323,2025-09-19,Atlantic,Small Business,Apparel,Express,2,74.79,0.2,119.66,12.46,78,32,0,6.5
324,2025-01-27,BC,Corporate,Home,Express,2,89.5,0.05,170.05,33.07,205,41,0,4.4
325,2025-08-22,BC,Corporate,Seasonal,Standard,5,60.28,0.1,271.26,62.29,210,40,0,7.5
326,2025-05-21,Prairies,Small Business,Home,Express,4,85.99,0.1,309.56,39.83,186,48,0,4.2
327,2025-04-15,Ontario,Small Business,Electronics,Express,4,154.73,0,618.92,92.87,152,51,0,4.9
328,2025-01-08,BC,Corporate,Seasonal,Express,4,33.53,0.15,114.0,10.0,205,33,0,2.2
329,2025-03-16,Ontario,Corporate,Office Supplies,Pickup,4,38.25,0.2,122.4,14.78,57,36,0,5.8
330,2025-12-18,Ontario,Consumer,Apparel,Express,4,41.12,0,164.48,53.81,59,40,0,4.1
331,2025-06-08,Quebec,Corporate,Grocery,Same Day,4,18.29,0.2,58.53,0.31,8,40,1,6.8
332,2025-04-25,BC,Corporate,Seasonal,Standard,5,66.93,0.15,284.45,32.58,102,27,0,7.1
333,2025-06-30,Ontario,Corporate,Electronics,Standard,6,151.39,0,908.34,120.3,200,51,0,5.5
334,2025-04-13,Quebec,Small Business,Apparel,Same Day,1,33.67,0,33.67,10.89,196,34,0,7.7
335,2025-01-17,BC,Consumer,Health & Beauty,Pickup,5,26.17,0,130.85,43.56,85,42,0,5.0
336,2025-09-04,Quebec,Corporate,Home,Standard,3,78.9,0.2,189.36,14.29,143,49,0,6.2
337,2025-10-10,Ontario,Corporate,Electronics,Pickup,3,190.59,0,571.77,69.74,165,28,0,5.4
338,2025-10-23,Quebec,Consumer,Office Supplies,Pickup,1,47.8,0,47.8,11.12,23,41,1,10.3
339,2025-06-05,Quebec,Consumer,Home,Express,5,81.23,0,406.15,77.35,30,40,1,8.1
340,2025-10-19,Atlantic,Corporate,Health & Beauty,Express,3,51.92,0,155.76,49.5,32,35,0,6.3
341,2025-02-18,Atlantic,Consumer,Electronics,Same Day,1,188.12,0.1,169.31,12.87,22,30,1,11.2
342,2025-01-16,Prairies,Corporate,Apparel,Standard,2,43.51,0,87.02,30.92,59,35,0,6.8
343,2025-05-06,BC,Small Business,Electronics,Standard,4,178.05,0.1,640.98,40.73,77,41,0,4.3
344,2025-08-25,Ontario,Consumer,Health & Beauty,Express,2,48.68,0.2,77.89,12.9,62,29,0,6.0
345,2025-03-19,Quebec,Consumer,Office Supplies,Same Day,5,61.71,0.15,262.27,25.37,0,50,1,12.8
346,2025-02-05,BC,Corporate,Office Supplies,Pickup,7,44.43,0,311.01,96.35,23,42,0,2.6
347,2025-12-11,Prairies,Consumer,Office Supplies,Pickup,3,53.81,0,161.43,52.41,213,30,0,3.6
348,2025-07-17,BC,Small Business,Office Supplies,Express,3,18.56,0.15,47.33,7.99,200,36,0,5.2
349,2025-05-03,BC,Small Business,Home,Pickup,1,51.05,0.1,45.95,9.69,181,23,0,3.8
350,2025-12-06,Prairies,Corporate,Office Supplies,Pickup,2,8.35,0.2,13.36,0.53,58,41,0,8.9
351,2025-06-06,Quebec,Small Business,Electronics,Express,1,86.07,0.2,68.86,-4.18,76,49,0,5.8
352,2025-06-21,Ontario,Consumer,Health & Beauty,Pickup,1,43.03,0.1,38.73,11.44,69,31,0,5.9
353,2025-07-28,BC,Consumer,Seasonal,Same Day,6,75.07,0,450.42,71.85,99,37,0,8.5
354,2025-03-19,Ontario,Consumer,Grocery,Express,1,33.38,0.05,31.71,4.04,129,32,0,7.1
355,2025-07-20,Atlantic,Consumer,Health & Beauty,Standard,4,24.35,0,97.4,26.31,64,42,0,6.5
356,2025-10-10,BC,Corporate,Seasonal,Pickup,1,85.94,0,85.94,18.22,159,41,0,4.8
357,2025-05-17,Quebec,Small Business,Grocery,Standard,2,12.77,0.05,24.26,5.03,15,51,1,6.6
358,2025-01-30,Atlantic,Corporate,Office Supplies,Standard,2,42.38,0.1,76.28,18.31,191,49,0,3.5
359,2025-06-16,Ontario,Consumer,Apparel,Pickup,8,35.34,0,282.72,97.3,130,22,0,9.6
360,2025-03-30,BC,Corporate,Seasonal,Pickup,6,51.97,0,311.82,64.6,107,55,0,7.9
361,2025-11-29,Prairies,Small Business,Electronics,Standard,7,157.19,0.15,935.28,45.84,213,51,0,4.5
362,2025-09-30,Ontario,Consumer,Grocery,Standard,1,20.42,0,20.42,3.32,174,39,0,7.8
363,2025-10-28,Prairies,Small Business,Grocery,Pickup,5,20.83,0,104.15,22.41,158,40,0,4.1
364,2025-07-26,Quebec,Small Business,Electronics,Pickup,2,218.42,0.05,415.0,40.32,159,48,0,6.8
365,2025-11-23,Quebec,Consumer,Home,Same Day,5,103.66,0.05,492.38,78.26,105,24,0,2.2
366,2025-07-20,Prairies,Corporate,Grocery,Same Day,5,8.05,0,40.25,7.08,10,54,0,8.9
367,2025-07-01,Quebec,Small Business,Health & Beauty,Standard,8,25.5,0.1,183.6,55.94,212,46,0,7.0
368,2025-06-07,Ontario,Corporate,Home,Pickup,1,41.97,0.2,33.58,0.56,202,41,0,7.7
369,2025-07-20,Quebec,Small Business,Apparel,Express,6,26.36,0,158.16,41.5,171,38,0,5.0
370,2025-04-20,Atlantic,Small Business,Grocery,Same Day,4,22.25,0.1,80.1,5.93,103,33,0,3.2
371,2025-12-14,Ontario,Consumer,Office Supplies,Express,4,58.48,0,233.92,43.15,8,44,0,5.5
372,2025-11-28,Prairies,Corporate,Seasonal,Express,6,36.57,0.2,175.54,0.1,69,33,0,3.2
373,2025-06-08,Quebec,Corporate,Electronics,Same Day,1,124.59,0,124.59,12.53,18,27,0,7.9
374,2025-04-22,Prairies,Corporate,Electronics,Standard,4,111.7,0.1,402.12,40.41,142,22,0,6.3
375,2025-10-03,Prairies,Consumer,Office Supplies,Express,2,36.04,0,72.08,22.92,58,33,0,5.0
376,2025-05-25,BC,Corporate,Office Supplies,Standard,3,26.53,0,79.59,25.2,108,43,0,5.9
377,2025-11-19,Atlantic,Corporate,Grocery,Same Day,5,26.97,0.1,121.36,6.08,14,43,0,7.1
378,2025-12-03,Atlantic,Corporate,Grocery,Express,2,22.57,0.05,42.88,9.47,158,49,0,4.7
379,2025-06-24,Ontario,Consumer,Health & Beauty,Express,2,32.58,0,65.16,27.09,4,48,0,7.5
380,2025-05-16,BC,Corporate,Home,Standard,4,52.52,0.2,168.06,27.76,184,21,0,4.1
381,2025-07-01,Prairies,Consumer,Home,Same Day,5,39.84,0.15,169.32,16.69,90,30,0,4.4
382,2025-07-01,Atlantic,Consumer,Grocery,Same Day,3,10.22,0.05,29.13,5.77,116,26,0,3.4
383,2025-02-24,Ontario,Small Business,Office Supplies,Standard,4,21.38,0,85.52,28.27,121,28,0,3.6
384,2025-09-28,Quebec,Corporate,Health & Beauty,Pickup,2,33.89,0.15,57.61,17.67,181,37,0,6.1
385,2025-07-16,Prairies,Consumer,Home,Standard,4,79.08,0.15,268.87,23.24,2,25,1,7.0
386,2025-04-15,BC,Consumer,Health & Beauty,Standard,5,21.08,0.1,94.86,27.95,163,33,0,4.0
387,2025-05-05,Quebec,Small Business,Home,Standard,4,62.41,0,249.64,70.03,146,48,0,4.8
388,2025-10-19,Atlantic,Small Business,Seasonal,Pickup,5,79.42,0.2,317.68,16.94,166,50,0,4.1
389,2025-11-07,Atlantic,Small Business,Home,Express,3,64.86,0,194.58,51.74,1,45,0,1.5
390,2025-11-21,Atlantic,Consumer,Seasonal,Express,8,84.25,0.2,539.2,56.53,102,35,0,5.5
391,2025-12-11,BC,Corporate,Electronics,Standard,2,149.33,0,298.66,43.12,193,26,0,5.8
392,2025-04-06,BC,Consumer,Home,Standard,2,55.59,0.1,100.06,17.94,0,24,0,1.4
393,2025-09-15,BC,Corporate,Health & Beauty,Pickup,1,18.16,0,18.16,5.88,157,38,0,2.7
394,2025-07-23,Atlantic,Corporate,Seasonal,Express,3,50.75,0.2,121.8,-1.97,53,27,0,5.3
395,2025-12-10,Atlantic,Corporate,Apparel,Standard,6,42.08,0,252.48,76.37,61,26,0,4.7
396,2025-07-08,Quebec,Small Business,Grocery,Standard,4,17.66,0.1,63.58,4.32,49,20,0,4.7
397,2025-02-08,Atlantic,Corporate,Electronics,Standard,3,100.36,0.1,270.97,-7.12,156,33,0,9.3
398,2025-01-12,Atlantic,Corporate,Office Supplies,Same Day,3,16.91,0,50.73,14.96,14,31,0,3.8
399,2025-08-15,Ontario,Small Business,Grocery,Pickup,4,7.51,0,30.04,5.17,113,30,0,6.3
400,2025-11-16,Quebec,Small Business,Office Supplies,Standard,4,33.12,0.1,119.23,26.08,91,41,0,5.7
401,2025-05-03,Atlantic,Corporate,Grocery,Standard,4,23.75,0.2,76.0,-0.14,93,24,0,8.1
402,2025-08-23,Ontario,Corporate,Home,Express,6,81.91,0,491.46,136.55,132,25,0,4.7
403,2025-04-22,Atlantic,Corporate,Grocery,Pickup,3,34.19,0,102.57,14.11,42,38,0,3.7
404,2025-05-08,Quebec,Consumer,Grocery,Standard,7,30.42,0.15,181.0,9.74,164,29,0,10.7
405,2025-11-03,Prairies,Small Business,Electronics,Pickup,6,227.93,0.1,1230.82,120.29,36,55,1,8.2
406,2025-11-28,Quebec,Small Business,Health & Beauty,Standard,4,32.05,0,128.2,37.34,44,48,0,7.4
407,2025-08-24,Quebec,Consumer,Grocery,Same Day,7,24.77,0,173.39,34.93,89,41,0,6.3
408,2025-11-16,Ontario,Consumer,Electronics,Standard,4,159.21,0.15,541.31,0.96,67,31,0,4.0
409,2025-03-15,Atlantic,Consumer,Apparel,Same Day,1,60.35,0.1,54.32,11.82,75,20,0,5.1
410,2025-03-08,Quebec,Corporate,Grocery,Express,3,17.86,0.2,42.86,0.72,42,53,0,3.6
411,2025-03-26,Prairies,Consumer,Grocery,Same Day,4,26.99,0,107.96,20.1,61,50,0,1.6
412,2025-01-04,Atlantic,Corporate,Electronics,Pickup,2,222.12,0,444.24,80.96,29,27,0,5.9
413,2025-10-12,Prairies,Consumer,Seasonal,Same Day,2,67.5,0,135.0,34.5,15,27,1,6.9
414,2025-07-04,Prairies,Consumer,Apparel,Standard,6,37.23,0,223.38,58.99,55,44,0,5.4
415,2025-01-31,BC,Consumer,Apparel,Pickup,4,54.61,0.2,174.75,24.9,122,36,0,6.3
416,2025-08-24,Ontario,Consumer,Office Supplies,Standard,4,18.79,0,75.16,21.52,92,24,0,8.3
417,2025-12-27,Prairies,Small Business,Apparel,Standard,4,47.11,0.15,160.17,35.65,164,50,0,1.5
418,2025-10-03,Ontario,Small Business,Seasonal,Same Day,3,45.94,0,137.82,36.42,82,22,0,8.4
419,2025-12-03,Ontario,Corporate,Seasonal,Express,4,80.71,0.15,274.41,34.12,9,38,1,8.7
420,2025-04-09,Quebec,Corporate,Grocery,Standard,4,24.71,0,98.84,17.52,123,34,0,5.2
421,2025-09-02,BC,Corporate,Grocery,Same Day,1,23.18,0.1,20.86,2.54,120,32,0,4.8
422,2025-08-22,Ontario,Small Business,Grocery,Express,5,22.95,0.05,109.01,14.8,95,30,0,5.1
423,2025-01-01,BC,Small Business,Home,Standard,2,52.72,0.1,94.9,14.69,61,55,0,4.4
424,2025-05-21,Ontario,Consumer,Apparel,Express,5,44.92,0,224.6,71.95,59,47,0,5.1
425,2025-02-11,Prairies,Small Business,Health & Beauty,Standard,3,40.73,0,122.19,49.37,68,46,0,1.6
426,2025-01-27,Atlantic,Consumer,Apparel,Pickup,4,41.58,0.2,133.06,30.49,107,24,0,4.7
427,2025-06-03,BC,Corporate,Office Supplies,Express,5,41.12,0.15,174.76,15.86,94,53,0,4.9
428,2025-08-12,BC,Small Business,Electronics,Same Day,2,162.95,0.15,277.01,20.87,105,43,0,4.7
429,2025-12-13,Atlantic,Corporate,Office Supplies,Express,3,17.89,0.05,50.99,12.15,2,48,1,9.7
430,2025-08-27,Ontario,Small Business,Grocery,Same Day,8,32.86,0.1,236.59,3.33,191,34,0,8.3
431,2025-12-29,Prairies,Corporate,Grocery,Express,2,22.26,0,44.52,5.68,28,22,0,2.3
432,2025-07-27,Prairies,Corporate,Health & Beauty,Same Day,6,34.08,0,204.48,62.73,180,47,0,4.6
433,2025-03-31,Prairies,Corporate,Office Supplies,Express,6,37.03,0,222.18,56.5,161,38,0,6.1
434,2025-11-21,BC,Consumer,Home,Standard,1,104.97,0.15,89.22,10.47,153,49,0,9.2
435,2025-04-12,BC,Corporate,Electronics,Express,1,222.32,0,222.32,31.91,44,25,0,5.6
436,2025-01-03,Ontario,Consumer,Home,Same Day,3,108.43,0,325.29,84.43,22,32,1,8.1
437,2025-02-07,Quebec,Small Business,Health & Beauty,Standard,3,43.7,0.2,104.88,18.8,21,36,1,8.7
438,2025-02-02,Atlantic,Corporate,Health & Beauty,Express,5,27.14,0.2,108.56,19.01,125,29,0,3.7
439,2025-11-06,Atlantic,Consumer,Health & Beauty,Pickup,5,19.29,0,96.45,32.22,204,24,0,4.1
440,2025-02-18,BC,Consumer,Electronics,Pickup,5,272.17,0.2,1088.68,-100.16,159,25,0,6.2
441,2025-10-17,Ontario,Consumer,Apparel,Pickup,4,64.48,0,257.92,86.06,192,36,0,3.6
442,2025-09-25,Quebec,Corporate,Health & Beauty,Express,5,30.48,0,152.4,52.73,163,49,0,7.1
443,2025-04-05,Quebec,Corporate,Home,Pickup,4,62.27,0,249.08,62.32,211,39,0,8.9
444,2025-06-11,Quebec,Consumer,Health & Beauty,Express,4,19.57,0,78.28,30.2,38,31,0,6.2
445,2025-08-25,Ontario,Small Business,Electronics,Same Day,5,231.13,0.1,1040.09,105.71,121,53,0,3.3
446,2025-02-08,Atlantic,Corporate,Electronics,Pickup,2,227.2,0,454.4,70.82,115,40,0,3.2
447,2025-12-31,Quebec,Corporate,Apparel,Same Day,1,56.83,0,56.83,16.83,116,25,0,4.9
448,2025-03-10,BC,Consumer,Electronics,Pickup,6,216.98,0,1301.88,176.2,192,41,0,6.2
449,2025-09-24,Ontario,Small Business,Electronics,Standard,2,85.46,0.15,145.28,7.45,196,28,0,6.0
450,2025-12-25,Quebec,Consumer,Electronics,Same Day,5,102.11,0.05,485.02,54.33,195,47,0,6.6
451,2025-07-05,Ontario,Small Business,Electronics,Pickup,4,174.45,0,697.8,159.65,184,44,0,3.8
452,2025-04-26,BC,Small Business,Home,Same Day,4,45.55,0,182.2,43.34,49,51,1,7.0
453,2025-05-07,Quebec,Corporate,Electronics,Same Day,1,216.99,0,216.99,42.24,80,31,0,5.1
454,2025-12-16,Prairies,Consumer,Home,Standard,5,26.02,0.1,117.09,14.15,65,22,0,8.4
455,2025-06-17,Quebec,Small Business,Home,Pickup,5,63.54,0.1,285.93,39.03,28,34,1,9.6
456,2025-11-22,BC,Consumer,Office Supplies,Same Day,5,18.92,0,94.6,31.64,193,29,0,5.3
457,2025-05-10,Quebec,Small Business,Health & Beauty,Same Day,2,31.24,0,62.48,19.05,210,23,0,5.1
458,2025-03-30,Quebec,Consumer,Office Supplies,Same Day,7,11.18,0.2,62.61,5.27,12,55,0,2.9
459,2025-08-29,Prairies,Corporate,Office Supplies,Standard,4,28.8,0,115.2,30.03,30,40,0,6.1
460,2025-04-27,Atlantic,Corporate,Grocery,Pickup,6,27.22,0,163.32,35.35,79,50,0,3.3
461,2025-06-08,BC,Small Business,Seasonal,Standard,3,71.09,0.2,170.62,5.0,146,26,0,9.3
462,2025-09-05,Prairies,Consumer,Apparel,Standard,6,29.09,0,174.54,56.36,168,27,0,7.9
463,2025-08-25,BC,Small Business,Health & Beauty,Standard,5,28.77,0,143.85,50.84,131,42,0,7.0
464,2025-04-24,BC,Consumer,Office Supplies,Pickup,4,59.9,0.15,203.66,23.26,181,24,0,6.3
465,2025-04-14,Quebec,Small Business,Grocery,Pickup,1,19.99,0.05,18.99,1.8,171,29,0,4.8
466,2025-10-15,Ontario,Consumer,Office Supplies,Standard,6,36.95,0.2,177.36,26.5,13,23,1,9.7
467,2025-09-15,Ontario,Corporate,Office Supplies,Pickup,2,36.66,0,73.32,22.36,205,21,0,7.7
468,2025-03-11,Quebec,Corporate,Health & Beauty,Same Day,3,38.1,0.1,102.87,25.8,198,20,0,5.0
469,2025-03-26,Ontario,Corporate,Seasonal,Pickup,3,78.2,0,234.6,52.26,51,27,0,6.7
470,2025-12-31,Ontario,Small Business,Health & Beauty,Standard,5,19.17,0.1,86.27,30.27,113,25,0,7.1
471,2025-10-14,Prairies,Consumer,Seasonal,Express,3,65.69,0,197.07,50.49,196,35,0,5.5
472,2025-04-27,Prairies,Small Business,Home,Same Day,2,55.92,0,111.84,23.63,36,32,0,3.9
473,2025-03-05,Quebec,Consumer,Health & Beauty,Express,1,37.28,0.2,29.82,6.72,70,50,0,5.1
474,2025-08-30,BC,Consumer,Health & Beauty,Same Day,2,27.99,0,55.98,17.27,103,26,0,0.5
475,2025-08-06,Quebec,Corporate,Grocery,Standard,3,14.85,0,44.55,4.72,140,20,0,6.3
476,2025-09-02,BC,Corporate,Grocery,Express,3,10.73,0.05,30.58,3.76,167,20,0,4.7
477,2025-11-17,Prairies,Small Business,Grocery,Express,1,15.79,0,15.79,2.96,141,45,0,4.4
478,2025-05-27,Ontario,Consumer,Electronics,Same Day,1,103.74,0.05,98.55,6.11,5,42,1,8.1
479,2025-11-24,Atlantic,Small Business,Apparel,Standard,3,66.6,0.1,179.82,42.61,94,44,0,4.0
480,2025-07-05,BC,Consumer,Office Supplies,Standard,3,45.87,0.2,110.09,1.69,96,21,0,5.6
481,2025-04-09,Atlantic,Corporate,Home,Express,4,57.02,0,228.08,56.61,31,26,0,7.6
482,2025-10-10,Atlantic,Consumer,Health & Beauty,Express,2,30.58,0.15,51.99,8.07,108,25,0,5.6
483,2025-11-02,Quebec,Consumer,Home,Standard,5,77.31,0,386.55,116.82,161,30,0,5.9
484,2025-08-26,Atlantic,Consumer,Home,Pickup,4,91.82,0,367.28,61.99,111,40,0,9.8
485,2025-07-29,Prairies,Consumer,Grocery,Same Day,3,22.18,0.15,56.56,3.01,46,29,0,4.3
486,2025-11-17,Atlantic,Small Business,Seasonal,Pickup,1,49.51,0,49.51,11.41,147,20,0,3.0
487,2025-08-13,BC,Corporate,Electronics,Express,2,234.04,0,468.08,91.9,143,53,0,2.1
488,2025-09-12,Prairies,Consumer,Home,Express,3,67.81,0.2,162.74,21.98,1,43,1,6.5
489,2025-10-19,Prairies,Small Business,Apparel,Express,8,35.21,0.1,253.51,69.7,48,37,0,9.1
490,2025-12-07,BC,Consumer,Office Supplies,Express,7,33.92,0,237.44,56.5,205,41,0,3.5
491,2025-10-21,BC,Small Business,Office Supplies,Standard,7,27.81,0,194.67,37.95,11,29,1,8.2
492,2025-10-21,Quebec,Corporate,Apparel,Standard,1,43.83,0,43.83,16.18,26,44,1,9.8
493,2025-11-07,Prairies,Small Business,Office Supplies,Pickup,6,20.0,0,120.0,31.54,24,22,0,2.6
494,2025-06-03,Atlantic,Corporate,Home,Same Day,3,112.71,0,338.13,109.52,134,47,0,3.2
495,2025-08-22,Quebec,Small Business,Seasonal,Standard,2,27.8,0,55.6,16.28,207,38,0,6.6
496,2025-11-05,BC,Corporate,Office Supplies,Standard,3,28.52,0.15,72.73,14.33,66,52,0,2.3
497,2025-08-16,Atlantic,Consumer,Apparel,Same Day,7,58.7,0,410.9,132.18,183,25,0,8.1
498,2025-06-25,BC,Consumer,Office Supplies,Same Day,6,30.27,0.2,145.3,18.7,128,36,0,6.4
499,2025-03-26,Ontario,Small Business,Home,Standard,4,56.39,0,225.56,59.58,156,39,0,4.8
500,2025-11-19,BC,Corporate,Apparel,Pickup,5,31.51,0,157.55,42.7,80,23,0,6.6
501,2025-04-29,Prairies,Small Business,Seasonal,Pickup,6,10.85,0,65.1,16.43,141,40,0,8.1
502,2025-03-27,Prairies,Small Business,Home,Express,2,70.83,0,141.66,39.4,150,41,0,6.9
503,2025-06-25,Quebec,Small Business,Electronics,Express,9,135.45,0,1219.05,130.93,84,44,0,5.5
504,2025-06-10,Atlantic,Small Business,Office Supplies,Pickup,4,41.05,0,164.2,38.27,199,43,0,6.0
505,2025-11-21,BC,Corporate,Home,Standard,3,49.71,0.1,134.22,23.11,181,35,0,7.1
506,2025-08-04,Ontario,Corporate,Electronics,Same Day,6,212.66,0.15,1084.57,82.56,171,27,0,8.1
507,2025-02-21,BC,Corporate,Home,Pickup,3,53.24,0.05,151.73,34.54,145,20,0,6.3
508,2025-06-29,BC,Corporate,Seasonal,Express,4,52.21,0,208.84,64.07,57,26,0,5.2
509,2025-03-04,BC,Corporate,Grocery,Same Day,2,21.34,0.05,40.55,3.6,17,47,1,9.7
510,2025-09-21,Prairies,Small Business,Home,Pickup,4,66.24,0,264.96,97.24,159,54,0,5.3
511,2025-03-24,Quebec,Corporate,Grocery,Express,6,34.84,0,209.04,37.48,40,29,0,6.6
512,2025-02-26,Atlantic,Consumer,Health & Beauty,Standard,3,39.81,0,119.43,36.03,139,20,0,4.7
513,2025-05-01,Ontario,Consumer,Apparel,Pickup,4,44.24,0.2,141.57,15.14,213,50,0,8.2
514,2025-08-08,Prairies,Consumer,Grocery,Express,4,33.29,0.2,106.53,14.19,61,22,0,7.3
515,2025-04-12,Quebec,Consumer,Electronics,Pickup,4,75.61,0,302.44,34.8,78,24,0,3.8
516,2025-05-06,Ontario,Consumer,Seasonal,Pickup,3,71.02,0,213.06,44.42,42,22,0,3.5
517,2025-03-04,Ontario,Corporate,Office Supplies,Pickup,4,25.29,0,101.16,26.35,190,32,0,6.3
518,2025-03-28,Ontario,Small Business,Home,Standard,3,96.9,0,290.7,70.57,57,45,0,5.4
519,2025-04-12,Atlantic,Corporate,Apparel,Standard,1,5,0,5,1.55,84,34,0,8.4
520,2025-07-25,Prairies,Consumer,Apparel,Pickup,4,50.0,0.1,180.0,43.41,160,26,0,7.0
521,2025-09-15,Prairies,Small Business,Seasonal,Standard,5,81.9,0.05,389.02,54.36,16,50,1,7.2
522,2025-09-05,Ontario,Corporate,Apparel,Standard,2,22.61,0.1,40.7,11.95,202,24,0,5.2
523,2025-06-14,Atlantic,Consumer,Home,Express,1,50.44,0,50.44,13.92,104,37,0,8.8
524,2025-08-13,Ontario,Consumer,Apparel,Standard,5,59.56,0.05,282.91,87.01,39,36,0,3.4
525,2025-02-28,Prairies,Consumer,Office Supplies,Pickup,3,34.08,0,102.24,28.81,78,40,0,4.9
526,2025-11-26,BC,Corporate,Office Supplies,Express,4,48.99,0.05,186.16,42.27,90,52,0,4.5
527,2025-11-14,BC,Consumer,Grocery,Standard,1,21.8,0.15,18.53,0.93,75,37,0,5.2
528,2025-11-18,Prairies,Small Business,Seasonal,Pickup,2,53.41,0.2,85.46,1.82,74,38,0,5.4
529,2025-12-29,Quebec,Small Business,Electronics,Same Day,2,266.07,0.15,452.32,-7.22,78,49,0,6.1
530,2025-02-14,Quebec,Corporate,Office Supplies,Standard,1,16.12,0.2,12.9,0.65,65,43,0,6.8
531,2025-05-20,Atlantic,Small Business,Health & Beauty,Same Day,3,29.93,0.1,80.81,16.25,78,34,0,5.0
532,2025-06-22,Atlantic,Corporate,Apparel,Express,4,20.31,0.05,77.18,22.48,124,22,0,6.3
533,2025-06-23,Prairies,Small Business,Office Supplies,Express,3,41.91,0,125.73,37.11,40,42,1,7.8
534,2025-06-19,Ontario,Consumer,Electronics,Pickup,2,198.18,0.2,317.09,-3.11,28,37,1,5.7
535,2025-11-01,Atlantic,Small Business,Grocery,Express,2,26.79,0,53.58,9.55,82,41,0,4.5
536,2025-12-14,BC,Corporate,Electronics,Express,4,191.84,0.15,652.26,-3.96,25,32,0,4.9
537,2025-04-30,BC,Corporate,Apparel,Pickup,4,39.59,0.1,142.52,29.04,154,25,0,8.1
538,2025-03-04,Ontario,Small Business,Home,Express,3,93.56,0,280.68,75.41,84,45,0,5.6
539,2025-12-01,Prairies,Consumer,Office Supplies,Same Day,3,42.87,0.15,109.32,23.98,207,39,0,6.3
540,2025-08-29,Prairies,Small Business,Office Supplies,Pickup,4,34.67,0.05,131.75,23.38,44,50,1,8.6
541,2025-03-23,Atlantic,Small Business,Office Supplies,Standard,4,14.69,0,58.76,14.09,177,20,0,9.3
542,2025-02-17,Ontario,Small Business,Electronics,Express,6,181.95,0.05,1037.11,87.94,132,43,0,8.5
543,2025-02-21,BC,Small Business,Health & Beauty,Same Day,5,33.33,0.1,149.98,42.09,91,41,0,9.5
544,2025-05-26,Atlantic,Corporate,Office Supplies,Express,5,31.73,0,158.65,30.66,164,40,0,9.8
545,2025-06-18,Atlantic,Small Business,Seasonal,Pickup,4,58.5,0,234.0,51.62,169,32,0,5.7
546,2025-07-04,Quebec,Consumer,Apparel,Standard,5,66.72,0,333.6,109.78,187,23,0,3.8
547,2025-07-12,Quebec,Corporate,Home,Express,3,74.17,0.1,200.26,26.81,44,24,0,5.7
548,2025-12-22,Quebec,Corporate,Home,Express,1,69.58,0.2,55.66,5.71,80,38,0,7.6
549,2025-09-05,BC,Consumer,Seasonal,Pickup,5,67.39,0.15,286.41,37.98,201,34,0,10.6
550,2025-06-13,Ontario,Small Business,Health & Beauty,Standard,1,28.5,0,28.5,10.42,27,25,0,2.9
551,2025-10-31,BC,Corporate,Seasonal,Standard,6,82.91,0,497.46,125.93,133,21,0,8.9
552,2025-11-13,Prairies,Consumer,Home,Standard,5,37.23,0.1,167.53,27.11,80,41,0,6.8
553,2025-03-09,Quebec,Consumer,Grocery,Same Day,4,21.12,0.15,71.81,5.54,74,37,0,6.3
554,2025-02-14,Ontario,Small Business,Office Supplies,Express,1,15.39,0.1,13.85,3.54,187,38,0,3.9
555,2025-06-07,BC,Small Business,Electronics,Express,1,98.67,0,98.67,10.18,96,49,0,7.2
556,2025-04-23,Quebec,Corporate,Grocery,Express,6,19.36,0,116.16,19.33,57,26,0,3.6
557,2025-08-14,Quebec,Small Business,Office Supplies,Pickup,1,34.11,0,34.11,7.56,204,42,0,3.1
558,2025-04-18,Quebec,Small Business,Home,Pickup,3,34.34,0.05,97.87,23.27,108,31,0,8.3
559,2025-09-17,Ontario,Corporate,Home,Pickup,3,47.47,0.2,113.93,12.01,89,27,0,4.6
560,2025-05-25,BC,Corporate,Apparel,Express,4,33.5,0.2,107.2,23.76,65,28,0,5.5
561,2025-12-25,Ontario,Small Business,Office Supplies,Express,3,30.15,0.15,76.88,8.36,213,47,0,6.4
562,2025-02-21,Prairies,Consumer,Home,Standard,2,69.16,0,138.32,29.56,71,29,0,3.8
563,2025-04-04,BC,Consumer,Seasonal,Standard,5,76.7,0,383.5,67.5,214,26,0,6.4
564,2025-04-13,Atlantic,Corporate,Apparel,Express,1,36.67,0,36.67,13.89,161,34,0,0.8
565,2025-11-28,Quebec,Consumer,Grocery,Standard,3,22.36,0.15,57.02,4.49,64,55,0,6.9
566,2025-01-31,BC,Consumer,Office Supplies,Same Day,4,42.87,0,171.48,46.25,125,31,0,6.3
567,2025-01-01,Prairies,Consumer,Grocery,Standard,1,31.8,0.15,27.03,0.07,2,27,1,9.7
568,2025-08-20,Prairies,Consumer,Seasonal,Pickup,5,54.65,0,273.25,55.91,166,54,0,7.3
569,2025-04-25,Prairies,Consumer,Grocery,Pickup,1,12.51,0.15,10.63,0.21,196,53,0,6.3
570,2025-05-21,Prairies,Small Business,Home,Standard,4,77.54,0,310.16,58.69,62,55,0,6.1
571,2025-02-10,Quebec,Small Business,Seasonal,Same Day,4,54.57,0.15,185.54,14.22,49,50,0,5.6
572,2025-08-11,Ontario,Consumer,Seasonal,Express,2,33.02,0.15,56.13,4.98,184,40,0,7.4
573,2025-06-22,Ontario,Consumer,Electronics,Standard,3,134.54,0.2,322.9,-12.92,176,30,0,8.9
574,2025-02-16,Atlantic,Small Business,Seasonal,Pickup,7,59.86,0,419.02,85.69,162,52,0,2.8
575,2025-03-04,BC,Small Business,Electronics,Same Day,2,336.64,0.05,639.62,109.65,97,32,0,8.3
576,2025-09-03,Prairies,Small Business,Seasonal,Express,1,52.06,0.2,41.65,2.88,114,36,0,5.9
577,2025-03-20,Prairies,Corporate,Apparel,Standard,3,53.94,0.1,145.64,35.07,69,35,0,6.5
578,2025-10-15,Prairies,Consumer,Electronics,Standard,6,194.42,0.2,933.22,-34.81,181,24,0,8.0
579,2025-02-25,Quebec,Corporate,Apparel,Standard,3,41.96,0.05,119.59,26.66,22,21,0,8.2
580,2025-03-19,Ontario,Corporate,Health & Beauty,Pickup,4,30.09,0,120.36,39.46,74,46,0,5.0
581,2025-05-09,Ontario,Small Business,Health & Beauty,Same Day,4,25.43,0.15,86.46,23.3,168,46,0,5.1
582,2025-11-02,Atlantic,Consumer,Electronics,Same Day,1,215.94,0,215.94,18.47,71,51,0,3.8
583,2025-04-06,Prairies,Consumer,Health & Beauty,Standard,3,40.75,0,122.25,34.94,130,25,0,4.6
584,2025-09-22,Quebec,Consumer,Apparel,Pickup,2,55.09,0.2,88.14,7.6,95,35,0,5.4
585,2025-09-20,BC,Corporate,Grocery,Express,8,7.36,0.05,55.94,7.65,156,33,0,9.2
586,2025-10-08,Ontario,Corporate,Seasonal,Pickup,5,56.42,0.15,239.79,27.33,157,32,0,6.9
587,2025-08-25,Atlantic,Small Business,Home,Express,3,60.26,0.05,171.74,29.06,107,22,0,3.6
588,2025-07-20,Prairies,Consumer,Apparel,Pickup,1,62.23,0.15,52.9,11.77,168,45,0,5.3
589,2025-04-07,Ontario,Corporate,Apparel,Express,5,5,0.05,23.75,6.79,174,24,0,5.7
590,2025-07-04,Quebec,Small Business,Office Supplies,Express,2,36.64,0,73.28,25.92,47,54,0,5.1
591,2025-02-15,BC,Corporate,Home,Same Day,4,91.57,0,366.28,79.85,141,34,0,5.3
592,2025-05-28,Atlantic,Small Business,Grocery,Standard,5,38.61,0.05,183.4,27.22,112,44,0,7.7
593,2025-02-18,Prairies,Small Business,Home,Express,4,102.82,0.05,390.72,72.98,129,25,0,2.9
594,2025-08-18,Ontario,Consumer,Grocery,Pickup,1,38.71,0.2,30.97,2.32,5,51,1,10.7
595,2025-03-21,Prairies,Small Business,Health & Beauty,Pickup,3,32.78,0,98.34,32.11,199,41,0,3.0
596,2025-04-10,Quebec,Corporate,Office Supplies,Same Day,3,31.52,0.1,85.1,15.08,85,36,0,6.2
597,2025-12-06,Prairies,Corporate,Grocery,Standard,1,24.88,0.2,19.9,-1.24,176,31,0,3.7
598,2025-05-08,Ontario,Consumer,Seasonal,Pickup,5,71.9,0,359.5,84.0,186,48,0,7.2
599,2025-01-24,Ontario,Consumer,Seasonal,Standard,4,61.81,0.05,234.88,61.4,190,46,0,6.3
600,2025-07-31,Ontario,Consumer,Home,Standard,2,60.68,0,121.36,25.69,14,52,1,6.5
601,2025-11-07,Prairies,Consumer,Office Supplies,Pickup,5,70.44,0,352.2,99.05,108,51,0,5.9
602,2025-07-11,Atlantic,Corporate,Office Supplies,Pickup,2,42.38,0.05,80.52,16.23,16,51,1,6.5
603,2025-02-23,Atlantic,Small Business,Apparel,Same Day,2,29.48,0.05,56.01,16.06,29,50,0,2.9
604,2025-01-24,Prairies,Corporate,Health & Beauty,Pickup,1,19.72,0,19.72,7.48,63,42,0,1.7
605,2025-07-13,Quebec,Corporate,Electronics,Standard,4,92.99,0,371.96,48.26,211,45,0,6.9
606,2025-08-09,BC,Corporate,Apparel,Same Day,3,5,0.1,13.5,3.06,136,22,0,3.8
607,2025-12-08,Ontario,Small Business,Electronics,Same Day,3,85.2,0.2,204.48,-3.58,165,30,0,5.0
608,2025-05-02,Prairies,Consumer,Seasonal,Express,3,24.38,0.1,65.83,9.67,36,26,0,2.8
609,2025-08-13,Prairies,Small Business,Health & Beauty,Same Day,5,36.78,0.2,147.12,17.01,94,21,0,4.3
610,2025-09-10,Atlantic,Consumer,Electronics,Express,4,177.67,0.2,568.54,-61.2,16,40,1,6.6
611,2025-07-14,Quebec,Corporate,Home,Pickup,3,39.24,0,117.72,31.41,192,29,0,3.7
612,2025-03-03,Ontario,Small Business,Home,Pickup,4,71.09,0.2,227.49,24.2,196,31,0,4.7
613,2025-11-21,Quebec,Consumer,Health & Beauty,Same Day,5,23.95,0.15,101.79,20.61,173,48,0,6.2
614,2025-05-09,BC,Consumer,Health & Beauty,Express,6,42.59,0,255.54,87.65,172,27,0,8.6
615,2025-06-06,Atlantic,Small Business,Office Supplies,Pickup,2,53.05,0.2,84.88,6.66,138,30,0,2.2
616,2025-02-24,Quebec,Small Business,Electronics,Standard,4,154.35,0,617.4,89.05,170,45,0,5.4
617,2025-03-06,Prairies,Corporate,Home,Express,8,89.09,0.15,605.81,66.91,87,32,0,5.7
618,2025-10-28,Prairies,Corporate,Office Supplies,Same Day,2,46.06,0,92.12,24.27,98,24,0,4.5
619,2025-08-03,Quebec,Corporate,Grocery,Same Day,5,27.54,0.05,130.81,16.2,163,50,0,9.4
620,2025-07-14,Atlantic,Consumer,Health & Beauty,Express,1,31.94,0.2,25.55,3.53,101,26,0,6.5
621,2025-09-15,Ontario,Corporate,Seasonal,Standard,1,79.23,0.05,75.27,17.73,87,44,0,2.9
622,2025-10-13,Atlantic,Small Business,Seasonal,Same Day,3,41.06,0.1,110.86,18.24,212,49,0,6.8
623,2025-10-29,BC,Corporate,Apparel,Same Day,6,72.2,0.15,368.22,67.33,181,21,0,5.5
624,2025-10-02,Prairies,Small Business,Office Supplies,Standard,6,17.51,0.05,99.81,23.03,105,32,0,3.3
625,2025-02-15,Ontario,Small Business,Seasonal,Same Day,2,69.07,0.1,124.33,13.43,116,47,0,2.9
626,2025-07-19,Ontario,Consumer,Electronics,Pickup,3,209.04,0.15,533.05,-46.67,105,42,0,7.4
627,2025-11-20,Ontario,Corporate,Home,Standard,1,53.42,0.05,50.75,9.19,126,48,0,7.2
628,2025-09-13,BC,Consumer,Health & Beauty,Pickup,2,12.75,0,25.5,7.66,55,35,0,8.4
629,2025-06-02,BC,Small Business,Apparel,Same Day,3,44.05,0,132.15,42.65,23,44,1,9.2
630,2025-07-05,Ontario,Corporate,Electronics,Same Day,3,239.39,0,718.17,132.49,8,45,0,6.1
631,2025-07-10,Ontario,Small Business,Apparel,Pickup,4,54.17,0.2,173.34,27.33,88,28,0,0.7
632,2025-10-15,Ontario,Small Business,Electronics,Pickup,6,164.56,0.1,888.62,58.93,142,41,0,9.1
633,2025-04-29,Quebec,Consumer,Health & Beauty,Express,7,28.9,0.05,192.18,60.14,77,51,0,2.4
634,2025-10-21,Ontario,Small Business,Seasonal,Standard,4,81.35,0.1,292.86,42.02,208,44,0,2.9
635,2025-01-06,Atlantic,Corporate,Health & Beauty,Express,2,25.27,0.2,40.43,6.14,111,55,0,3.6
636,2025-09-08,Prairies,Consumer,Electronics,Pickup,2,276.94,0.15,470.8,7.84,195,28,0,8.5
637,2025-11-16,Ontario,Small Business,Seasonal,Standard,1,49.31,0.15,41.91,8.36,101,41,0,2.2
638,2025-02-19,Quebec,Corporate,Grocery,Standard,4,26.06,0.05,99.03,13.64,192,29,0,4.5
639,2025-06-05,BC,Small Business,Grocery,Same Day,3,37.86,0,113.58,21.08,143,41,0,2.5
640,2025-12-04,Atlantic,Consumer,Seasonal,Same Day,3,69.84,0,209.52,48.02,87,21,0,4.0
641,2025-05-25,BC,Small Business,Electronics,Pickup,5,225.64,0.15,958.97,6.18,46,47,1,8.7
642,2025-09-13,Quebec,Corporate,Grocery,Express,1,20.45,0,20.45,2.67,202,36,0,9.2
643,2025-09-01,Quebec,Consumer,Apparel,Express,4,57.16,0.15,194.34,51.35,63,22,0,8.1
644,2025-12-25,Ontario,Consumer,Health & Beauty,Express,1,23.88,0,23.88,8.71,14,32,0,4.0
645,2025-08-06,Prairies,Consumer,Health & Beauty,Express,5,30.52,0,152.6,51.42,38,52,1,9.0
646,2025-11-20,BC,Corporate,Electronics,Pickup,5,229.18,0,1145.9,176.26,120,25,0,8.8
647,2025-06-23,Prairies,Consumer,Office Supplies,Standard,5,32.04,0.05,152.19,38.16,139,52,0,4.7
648,2025-12-19,Prairies,Corporate,Office Supplies,Same Day,4,55.56,0,222.24,64.0,200,55,0,5.3
649,2025-07-05,Atlantic,Small Business,Seasonal,Pickup,5,69.63,0,348.15,89.13,205,49,0,4.7
650,2025-05-19,Quebec,Small Business,Office Supplies,Pickup,5,13.81,0,69.05,17.52,219,42,0,5.6
651,2025-04-07,Atlantic,Corporate,Seasonal,Pickup,6,69.88,0.15,356.39,42.77,134,51,0,5.8
652,2025-11-01,Quebec,Small Business,Seasonal,Express,5,45.04,0.1,202.68,28.07,34,49,0,6.1
653,2025-05-05,Atlantic,Corporate,Home,Standard,2,42.13,0,84.26,17.04,0,47,1,8.2
654,2025-09-17,Prairies,Corporate,Electronics,Express,5,94.13,0,470.65,57.46,197,51,0,6.1
655,2025-03-16,BC,Small Business,Office Supplies,Same Day,4,28.84,0.05,109.59,24.88,29,49,0,6.3
656,2025-10-19,BC,Corporate,Electronics,Express,1,165.03,0,165.03,24.99,59,40,0,6.2
657,2025-03-05,Prairies,Consumer,Electronics,Pickup,8,210.64,0.05,1600.86,223.94,186,33,0,3.4
658,2025-06-04,Ontario,Consumer,Office Supplies,Same Day,1,29.43,0.2,23.54,2.32,142,33,0,5.6
659,2025-03-02,Ontario,Small Business,Seasonal,Express,6,74.17,0.15,378.27,28.57,132,55,0,7.6
660,2025-12-17,Atlantic,Corporate,Seasonal,Pickup,3,57.3,0.1,154.71,22.01,33,41,1,5.4
661,2025-02-04,Ontario,Corporate,Apparel,Pickup,1,42.7,0,42.7,11.76,155,25,0,6.4
662,2025-01-09,Atlantic,Small Business,Grocery,Same Day,2,22.13,0,44.26,7.09,3,29,0,6.6
663,2025-08-27,Quebec,Consumer,Seasonal,Pickup,5,47.34,0.15,201.2,20.47,178,50,0,7.0
664,2025-07-18,Ontario,Consumer,Electronics,Express,5,60.0,0.2,240.0,-10.71,209,49,0,6.9
665,2025-01-31,Ontario,Consumer,Apparel,Standard,3,28.12,0.1,75.92,11.15,195,28,0,6.2
666,2025-12-23,Atlantic,Small Business,Health & Beauty,Same Day,2,34.28,0.15,58.28,12.67,58,48,0,4.5
667,2025-04-22,Quebec,Consumer,Health & Beauty,Same Day,1,34.65,0,34.65,11.55,186,24,0,3.1
668,2025-11-07,Atlantic,Small Business,Electronics,Same Day,1,226.97,0.15,192.92,-10.99,114,27,0,5.5
669,2025-10-14,Ontario,Small Business,Home,Pickup,2,66.9,0.1,120.42,18.1,175,37,0,9.9
670,2025-03-21,Quebec,Corporate,Grocery,Express,1,28.33,0,28.33,4.05,54,41,0,4.4
671,2025-07-22,Quebec,Small Business,Office Supplies,Express,7,7.51,0,52.57,14.88,108,36,0,1.2
672,2025-09-26,Ontario,Small Business,Grocery,Express,7,20.28,0,141.96,29.58,178,49,0,4.3
673,2025-03-12,Quebec,Corporate,Home,Standard,4,50.92,0.15,173.13,18.98,17,36,1,5.9
674,2025-06-01,Prairies,Small Business,Health & Beauty,Standard,1,11.46,0.2,9.17,1.59,202,23,0,7.3
675,2025-10-21,Atlantic,Consumer,Electronics,Express,1,128.89,0,128.89,21.04,110,32,0,3.1
676,2025-09-08,Quebec,Small Business,Health & Beauty,Same Day,9,35.91,0,323.19,131.92,101,42,0,5.3
677,2025-12-30,Ontario,Corporate,Electronics,Standard,2,105.43,0,210.86,27.77,59,22,0,8.2
678,2025-11-10,Quebec,Corporate,Apparel,Same Day,4,60.54,0,242.16,75.15,161,53,0,6.7
679,2025-04-02,Atlantic,Corporate,Health & Beauty,Pickup,4,34.48,0.1,124.13,29.6,186,46,0,5.4
680,2025-03-26,Quebec,Consumer,Electronics,Same Day,5,186.38,0,931.9,143.41,47,28,0,5.6
681,2025-05-31,Atlantic,Corporate,Office Supplies,Express,2,14.94,0.05,28.39,5.69,75,40,0,3.5
682,2025-03-10,Ontario,Small Business,Apparel,Same Day,3,49.72,0.05,141.7,41.56,61,45,0,6.8
683,2025-02-14,Quebec,Corporate,Health & Beauty,Same Day,7,20.03,0,140.21,48.34,201,27,0,3.0
684,2025-11-09,Ontario,Small Business,Electronics,Same Day,3,237.97,0.1,642.52,51.78,203,46,0,6.2
685,2025-06-12,Ontario,Corporate,Electronics,Pickup,4,83.41,0,333.64,35.58,212,49,0,7.9
686,2025-12-01,Atlantic,Small Business,Office Supplies,Pickup,2,53.15,0,106.3,28.46,90,53,0,1.4
687,2025-12-17,Quebec,Corporate,Office Supplies,Express,2,31.04,0,62.08,17.38,78,25,0,6.1
688,2025-12-03,Atlantic,Consumer,Apparel,Standard,4,27.03,0.1,97.31,24.51,142,54,0,4.9
689,2025-03-10,Atlantic,Corporate,Home,Standard,5,98.02,0.15,416.58,27.57,0,35,1,5.4
690,2025-05-02,Ontario,Small Business,Office Supplies,Pickup,1,30.9,0,30.9,9.8,194,45,0,2.3
691,2025-05-23,Ontario,Corporate,Electronics,Express,2,253.79,0.2,406.06,-37.08,93,47,0,5.8
692,2025-12-17,Prairies,Consumer,Health & Beauty,Express,1,21.2,0.1,19.08,4.42,182,51,0,8.0
693,2025-01-05,Prairies,Corporate,Grocery,Standard,4,15.16,0.1,54.58,8.61,11,27,1,7.9
694,2025-10-19,Quebec,Consumer,Apparel,Pickup,3,62.12,0,186.36,49.05,216,55,0,6.3
695,2025-10-24,BC,Corporate,Grocery,Standard,1,19.82,0.2,15.86,1.3,211,47,0,4.6
696,2025-07-31,BC,Small Business,Electronics,Express,3,103.44,0.15,263.77,18.76,56,35,0,1.1
697,2025-06-24,Prairies,Small Business,Electronics,Same Day,3,190.74,0.05,543.61,44.19,143,44,0,8.3
698,2025-10-21,Ontario,Small Business,Seasonal,Express,1,65.75,0.05,62.46,13.95,157,40,0,6.1
699,2025-11-22,BC,Consumer,Office Supplies,Same Day,6,17.06,0.05,97.24,24.27,94,27,0,4.4
700,2025-01-04,Quebec,Small Business,Health & Beauty,Same Day,1,38.63,0.2,30.9,6.39,183,41,0,4.3
701,2025-03-14,Atlantic,Corporate,Home,Standard,6,30.3,0.05,172.71,23.72,56,52,0,4.6
702,2025-01-02,Ontario,Small Business,Grocery,Same Day,1,17.8,0,17.8,2.93,136,36,0,5.3
703,2025-02-07,BC,Corporate,Health & Beauty,Standard,7,21.43,0,150.01,59.54,88,46,0,3.7
704,2025-06-01,Atlantic,Small Business,Grocery,Same Day,4,22.82,0.1,82.15,6.98,24,41,1,5.2
705,2025-06-28,Ontario,Consumer,Electronics,Same Day,3,69.87,0.2,167.69,-14.89,45,54,0,6.4
706,2025-08-31,Quebec,Small Business,Seasonal,Standard,2,37.87,0.2,60.59,5.14,6,54,1,11.8
707,2025-03-16,Prairies,Small Business,Office Supplies,Express,4,46.58,0.1,167.69,30.61,174,25,0,6.8
708,2025-03-07,Prairies,Corporate,Grocery,Standard,6,9.85,0,59.1,9.13,6,43,1,2.4
709,2025-08-09,Ontario,Consumer,Grocery,Express,1,10.64,0,10.64,2.47,58,26,0,4.3
710,2025-04-25,Prairies,Corporate,Electronics,Pickup,5,175.12,0,875.6,204.32,203,45,0,5.4
711,2025-12-25,Quebec,Small Business,Home,Standard,4,55.02,0,220.08,51.12,143,51,0,4.7
712,2025-02-07,Ontario,Corporate,Seasonal,Pickup,5,18.87,0,94.35,15.9,120,50,0,3.3
713,2025-12-18,BC,Small Business,Home,Same Day,1,71.38,0,71.38,11.35,142,30,0,4.2
714,2025-07-10,BC,Corporate,Home,Pickup,4,53.46,0.05,203.15,29.38,100,52,0,0.5
715,2025-08-12,Ontario,Consumer,Health & Beauty,Pickup,4,46.4,0,185.6,68.93,121,31,0,6.2
716,2025-11-19,Prairies,Consumer,Seasonal,Express,1,69.48,0.1,62.53,8.22,134,28,0,5.7
717,2025-06-26,Quebec,Consumer,Apparel,Standard,2,62.07,0.1,111.73,28.43,1,35,0,4.9
718,2025-01-19,Quebec,Consumer,Seasonal,Pickup,1,32.75,0,32.75,10.51,134,46,0,6.3
719,2025-07-02,Atlantic,Corporate,Office Supplies,Same Day,3,16.06,0,48.18,12.05,213,49,0,4.9
720,2025-10-20,BC,Small Business,Grocery,Standard,5,22.87,0,114.35,28.38,18,48,0,5.9
721,2025-09-26,Atlantic,Corporate,Apparel,Express,1,48.84,0,48.84,15.4,3,44,1,7.0
722,2025-07-22,Ontario,Consumer,Office Supplies,Standard,2,19.57,0.15,33.27,6.36,197,30,0,5.3
723,2025-02-12,Ontario,Consumer,Home,Pickup,7,146.24,0.05,972.5,208.18,111,28,0,5.4
724,2025-04-12,Quebec,Corporate,Seasonal,Standard,5,55.58,0.05,264.0,50.67,59,39,0,7.6
725,2025-06-23,Prairies,Corporate,Seasonal,Standard,4,99.28,0.05,377.26,73.95,79,54,0,5.9
726,2025-09-06,Atlantic,Corporate,Electronics,Express,3,164.91,0,494.73,62.79,158,53,0,1.8
727,2025-11-14,Prairies,Small Business,Health & Beauty,Pickup,4,37.0,0.15,125.8,32.38,44,48,1,5.9
728,2025-01-31,Quebec,Consumer,Office Supplies,Same Day,1,31.5,0.1,28.35,4.62,202,55,0,3.2
729,2025-11-29,BC,Corporate,Electronics,Express,4,201.93,0,807.72,108.6,216,21,0,2.7
730,2025-09-11,Atlantic,Corporate,Home,Same Day,3,94.01,0,282.03,47.09,175,35,0,5.9
731,2025-03-11,Quebec,Small Business,Apparel,Express,3,52.87,0.1,142.75,37.71,126,20,0,2.7
732,2025-02-11,Prairies,Corporate,Apparel,Standard,5,73.02,0,365.1,125.57,143,27,0,7.1
733,2025-06-13,BC,Corporate,Home,Express,2,39.43,0.1,70.97,12.62,168,21,0,3.2
734,2025-10-21,Quebec,Consumer,Office Supplies,Same Day,4,31.03,0.05,117.91,25.33,220,44,0,6.6
735,2025-04-12,Prairies,Corporate,Grocery,Express,5,27.32,0,136.6,22.74,203,53,0,6.1
736,2025-03-25,Quebec,Consumer,Home,Express,2,43.09,0.1,77.56,13.31,53,51,0,2.5
737,2025-04-16,Ontario,Consumer,Home,Standard,2,87.47,0.15,148.7,24.42,22,34,1,6.1
738,2025-01-14,Atlantic,Corporate,Seasonal,Same Day,1,44.49,0,44.49,11.14,150,46,0,6.7
739,2025-07-11,Prairies,Corporate,Seasonal,Standard,1,66.14,0.2,52.91,2.73,174,54,0,4.4
740,2025-06-03,Ontario,Consumer,Office Supplies,Pickup,5,45.61,0,228.05,52.26,188,24,0,6.4
741,2025-08-07,Quebec,Corporate,Apparel,Standard,2,84.33,0.05,160.23,44.81,171,51,0,4.0
742,2025-08-17,Quebec,Corporate,Apparel,Standard,6,47.87,0.1,258.5,63.85,125,50,0,4.0
743,2025-02-06,Prairies,Small Business,Home,Standard,6,64.82,0,388.92,78.19,34,49,1,7.6
744,2025-07-07,Ontario,Small Business,Grocery,Express,4,15.34,0.05,58.29,4.01,1,29,1,8.2
745,2025-07-08,Prairies,Small Business,Home,Standard,1,111.97,0.05,106.37,16.83,10,35,1,6.8
746,2025-03-15,BC,Corporate,Health & Beauty,Same Day,7,34.59,0,242.13,72.6,96,52,0,6.7
747,2025-04-14,BC,Consumer,Grocery,Standard,4,28.03,0.05,106.51,14.67,53,50,0,3.0
748,2025-08-01,Quebec,Consumer,Health & Beauty,Express,7,41.83,0,292.81,91.22,20,50,1,8.1
749,2025-09-12,Atlantic,Consumer,Home,Pickup,3,54.43,0.05,155.13,33.34,122,37,0,4.6
750,2025-01-04,Prairies,Small Business,Electronics,Same Day,3,80.04,0,240.12,20.47,220,26,0,5.3
751,2025-11-01,Atlantic,Small Business,Office Supplies,Express,4,29.7,0,118.8,28.03,149,49,0,3.3
752,2025-08-29,Ontario,Consumer,Electronics,Standard,3,103.33,0,309.99,37.09,13,40,0,10.0
753,2025-04-28,Quebec,Small Business,Apparel,Pickup,5,67.76,0.2,271.04,45.55,129,33,0,4.9
754,2025-03-27,Quebec,Small Business,Electronics,Pickup,3,234.98,0,704.94,107.62,103,20,0,7.0
755,2025-02-18,Atlantic,Small Business,Electronics,Standard,5,178.94,0.15,760.5,30.91,12,40,1,7.0
756,2025-07-18,Quebec,Consumer,Health & Beauty,Same Day,3,25.47,0.1,68.77,20.2,121,48,0,7.2
757,2025-02-17,Quebec,Corporate,Office Supplies,Standard,5,41.37,0,206.85,61.97,162,55,0,6.0
758,2025-06-20,Quebec,Consumer,Office Supplies,Standard,1,19.27,0.2,15.42,-0.31,153,51,0,6.6
759,2025-04-20,Ontario,Consumer,Home,Same Day,1,48.07,0.2,38.46,1.66,19,31,1,3.3
760,2025-04-18,Atlantic,Consumer,Office Supplies,Pickup,5,9.84,0.1,44.28,11.72,46,32,0,5.1
761,2025-09-17,Atlantic,Consumer,Health & Beauty,Pickup,5,31.64,0,158.2,56.43,64,44,0,6.0
762,2025-07-02,Atlantic,Corporate,Apparel,Pickup,4,41.8,0.05,158.84,46.63,111,49,0,4.0
763,2025-11-05,Prairies,Consumer,Seasonal,Pickup,7,66.93,0.1,421.66,32.76,5,52,1,8.5
764,2025-08-28,Atlantic,Small Business,Seasonal,Express,4,61.71,0,246.84,47.43,195,51,0,5.2
765,2025-07-02,Quebec,Consumer,Grocery,Standard,6,7.81,0,46.86,8.44,161,21,0,6.3
766,2025-12-14,Quebec,Corporate,Grocery,Standard,1,26.2,0,26.2,4.17,22,49,0,6.5
767,2025-03-01,BC,Small Business,Home,Pickup,5,53.83,0.15,228.78,8.8,141,46,0,3.5
768,2025-01-10,Quebec,Small Business,Health & Beauty,Standard,4,28.64,0.05,108.83,29.65,50,25,0,6.6
769,2025-09-18,Prairies,Small Business,Health & Beauty,Standard,7,20.65,0,144.55,44.81,97,26,0,6.7
770,2025-01-19,Prairies,Corporate,Apparel,Express,5,26.63,0,133.15,36.77,22,54,0,8.0
771,2025-12-28,Atlantic,Small Business,Office Supplies,Standard,1,40.08,0,40.08,10.36,148,42,0,4.4
772,2025-03-02,BC,Corporate,Electronics,Pickup,1,234.7,0.1,211.23,7.92,84,29,0,4.9
773,2025-12-30,Ontario,Consumer,Electronics,Standard,4,155.19,0.2,496.61,-26.81,92,51,0,4.5
774,2025-06-14,Ontario,Corporate,Seasonal,Pickup,3,44.38,0.1,119.83,13.51,181,34,0,8.1
775,2025-10-16,Prairies,Small Business,Grocery,Same Day,3,16.59,0,49.77,8.41,97,24,0,7.3
776,2025-09-02,Quebec,Corporate,Electronics,Pickup,3,205.07,0.05,584.45,107.06,82,23,0,11.1
777,2025-09-04,Ontario,Corporate,Office Supplies,Pickup,3,32.59,0.05,92.88,23.57,218,27,0,6.7
778,2025-09-10,Prairies,Corporate,Home,Express,2,39.46,0.05,74.97,24.6,18,43,1,9.6
779,2025-05-25,Atlantic,Corporate,Apparel,Same Day,7,83.05,0.15,494.15,89.8,138,34,0,9.3
780,2025-01-06,Quebec,Small Business,Apparel,Pickup,1,35.94,0.1,32.35,6.85,139,52,0,3.4
781,2025-02-05,Quebec,Consumer,Electronics,Same Day,3,108.22,0.05,308.43,19.55,205,23,0,2.1
782,2025-01-12,Quebec,Small Business,Health & Beauty,Pickup,2,24.0,0,48.0,15.84,128,27,0,6.1
783,2025-05-05,Quebec,Consumer,Grocery,Pickup,3,11.75,0,35.25,9.49,165,33,0,7.6
784,2025-08-06,BC,Small Business,Grocery,Standard,1,19.39,0.1,17.45,1.7,199,55,0,5.7
785,2025-09-10,Ontario,Corporate,Electronics,Express,2,233.8,0,467.6,74.46,15,40,0,8.2
786,2025-03-08,Quebec,Consumer,Office Supplies,Express,7,28.68,0.1,180.68,19.98,161,55,0,6.3
787,2025-06-23,Quebec,Small Business,Electronics,Standard,6,94.83,0,568.98,51.56,13,23,1,8.3
788,2025-10-24,Quebec,Small Business,Home,Same Day,3,76.94,0,230.82,48.61,117,55,0,3.9
789,2025-12-01,Prairies,Consumer,Health & Beauty,Express,4,39.58,0,158.32,55.86,15,46,0,3.5
790,2025-12-27,BC,Consumer,Electronics,Pickup,5,121.1,0,605.5,85.65,107,40,0,3.4
791,2025-09-24,Quebec,Consumer,Office Supplies,Standard,5,32.69,0,163.45,47.0,49,42,0,1.1
792,2025-06-27,Quebec,Consumer,Seasonal,Pickup,5,47.82,0.05,227.14,43.36,30,37,0,7.9
793,2025-07-30,Quebec,Small Business,Seasonal,Standard,4,80.14,0,320.56,66.86,109,46,0,2.6
794,2025-06-01,Prairies,Consumer,Electronics,Express,2,250.44,0.15,425.75,8.81,215,34,0,4.0
795,2025-04-04,Ontario,Corporate,Apparel,Pickup,2,26.15,0,52.3,16.92,126,47,0,5.9
796,2025-02-16,Quebec,Small Business,Office Supplies,Same Day,5,31.06,0.15,132.0,24.56,16,43,1,8.9
797,2025-01-11,Ontario,Consumer,Home,Express,3,43.02,0,129.06,41.2,42,47,1,7.0
798,2025-04-09,Quebec,Corporate,Grocery,Same Day,3,28.63,0,85.89,13.74,140,51,0,6.0
799,2025-04-14,Quebec,Small Business,Electronics,Express,1,121.76,0,121.76,20.35,10,24,1,5.4
800,2025-10-12,Quebec,Consumer,Office Supplies,Same Day,6,41.82,0.1,225.83,43.61,96,31,0,2.6
801,2025-04-10,Atlantic,Consumer,Office Supplies,Standard,4,41.54,0.1,149.54,36.58,127,42,0,7.0
802,2025-09-21,Quebec,Small Business,Apparel,Standard,3,40.84,0.15,104.14,18.55,181,42,0,5.5
803,2025-05-26,Prairies,Corporate,Home,Standard,6,82.09,0.1,443.29,99.21,41,52,1,8.7
804,2025-03-26,BC,Consumer,Home,Standard,6,67.99,0.1,367.15,65.46,202,51,0,7.3
805,2025-04-20,Prairies,Consumer,Office Supplies,Pickup,4,47.23,0,188.92,43.78,10,49,1,6.8
806,2025-11-13,Prairies,Corporate,Electronics,Express,3,271.64,0.05,774.17,52.59,150,55,0,7.2
807,2025-05-14,Atlantic,Consumer,Apparel,Pickup,5,40.57,0.2,162.28,31.79,159,49,0,5.7
808,2025-05-30,Prairies,Corporate,Office Supplies,Express,5,20.51,0,102.55,28.35,118,26,0,5.6
809,2025-02-15,BC,Consumer,Electronics,Same Day,5,213.44,0.2,853.76,-32.49,152,21,0,3.7
810,2025-09-17,BC,Small Business,Electronics,Pickup,1,195.34,0.15,166.04,0.58,113,25,0,2.1
811,2025-06-30,Atlantic,Corporate,Grocery,Express,6,27.25,0.15,138.97,10.7,191,49,0,4.6
812,2025-09-03,Prairies,Consumer,Home,Pickup,4,102.43,0.15,348.26,42.54,212,51,0,7.6
813,2025-01-07,Prairies,Consumer,Apparel,Express,5,33.25,0.05,157.94,36.63,126,20,0,7.7
814,2025-06-28,BC,Small Business,Grocery,Express,5,20.66,0,103.3,21.84,217,25,0,6.5
815,2025-01-22,Quebec,Corporate,Seasonal,Standard,2,80.42,0,160.84,41.15,59,27,0,4.3
816,2025-12-05,Atlantic,Corporate,Health & Beauty,Express,1,17.7,0.05,16.81,4.64,157,31,0,8.6
817,2025-07-30,Atlantic,Corporate,Home,Standard,3,56.01,0.1,151.23,19.92,119,52,0,6.3
818,2025-09-28,Atlantic,Corporate,Grocery,Express,4,16.35,0,65.4,7.96,43,50,0,4.9
819,2025-01-06,Quebec,Corporate,Grocery,Same Day,8,26.47,0,211.76,49.83,14,30,1,9.4
820,2025-01-04,Atlantic,Consumer,Seasonal,Standard,3,61.31,0.05,174.73,36.64,28,51,0,7.1
821,2025-03-29,Atlantic,Consumer,Apparel,Same Day,1,37.35,0,37.35,11.74,184,32,0,6.5
822,2025-11-11,Quebec,Consumer,Electronics,Same Day,4,98.29,0.2,314.53,-13.99,73,52,0,6.9
823,2025-11-20,Prairies,Corporate,Home,Express,3,38.06,0,114.18,28.72,212,21,0,9.1
824,2025-11-20,BC,Small Business,Office Supplies,Express,3,24.33,0.05,69.34,12.42,198,24,0,5.3
825,2025-05-13,Quebec,Small Business,Health & Beauty,Same Day,4,34.85,0.1,125.46,25.85,188,37,0,8.6
826,2025-10-11,Atlantic,Corporate,Office Supplies,Pickup,3,30.61,0.1,82.65,19.32,194,38,0,5.0
827,2025-02-07,Prairies,Consumer,Home,Express,2,106.39,0.2,170.22,12.48,205,36,0,5.7
828,2025-01-17,BC,Corporate,Office Supplies,Pickup,4,46.55,0.2,148.96,29.61,82,30,0,3.0
829,2025-11-13,BC,Corporate,Apparel,Standard,1,35.71,0.05,33.92,10.63,178,37,0,2.3
830,2025-09-19,BC,Consumer,Seasonal,Standard,3,52.98,0.05,150.99,25.33,89,49,0,7.6
831,2025-02-09,Quebec,Small Business,Grocery,Pickup,4,20.22,0.2,64.7,-0.9,32,36,1,6.8
832,2025-07-10,Prairies,Corporate,Health & Beauty,Pickup,6,24.26,0.15,123.73,29.33,185,36,0,5.6
833,2025-02-24,Ontario,Corporate,Electronics,Standard,6,155.01,0,930.06,131.52,213,53,0,2.3
834,2025-01-22,Atlantic,Corporate,Office Supplies,Express,4,59.1,0,236.4,69.66,189,48,0,6.8
835,2025-03-10,Ontario,Small Business,Electronics,Same Day,6,218.75,0,1312.5,156.99,191,28,0,5.8
836,2025-06-11,BC,Corporate,Office Supplies,Pickup,6,34.16,0.05,194.71,34.23,74,39,0,5.3
837,2025-06-11,Atlantic,Consumer,Seasonal,Same Day,2,14.5,0.1,26.1,1.62,27,38,0,5.3
838,2025-12-11,Atlantic,Consumer,Office Supplies,Pickup,2,36.31,0.1,65.36,14.66,33,54,0,5.0
839,2025-05-25,Quebec,Consumer,Grocery,Same Day,2,14.75,0,29.5,5.85,92,21,0,5.0
840,2025-05-28,Prairies,Consumer,Grocery,Standard,4,17.53,0,70.12,8.29,144,29,0,3.2
841,2025-09-18,Atlantic,Consumer,Grocery,Express,4,24.5,0.2,78.4,4.81,152,51,0,3.8
842,2025-11-30,Quebec,Consumer,Health & Beauty,Standard,4,24.35,0,97.4,35.81,32,22,0,6.8
843,2025-08-06,Ontario,Corporate,Seasonal,Standard,3,76.26,0.05,217.34,33.19,161,31,0,5.7
844,2025-06-22,BC,Consumer,Health & Beauty,Express,2,21.85,0.2,34.96,5.25,55,53,0,5.0
845,2025-08-23,Prairies,Corporate,Electronics,Pickup,2,80.06,0,160.12,24.35,149,23,0,7.8
846,2025-09-18,Prairies,Consumer,Seasonal,Same Day,1,51.69,0.15,43.94,1.78,105,40,0,6.9
847,2025-07-01,Prairies,Small Business,Home,Same Day,2,74.14,0,148.28,29.24,81,30,0,7.7
848,2025-07-12,Atlantic,Small Business,Health & Beauty,Pickup,3,17.57,0.1,47.44,10.81,118,46,0,6.4
849,2025-09-15,Quebec,Consumer,Office Supplies,Pickup,4,31.02,0,124.08,34.88,45,50,1,9.7
850,2025-04-26,Quebec,Corporate,Home,Same Day,5,70.9,0.2,283.6,32.7,193,38,0,2.7
851,2025-05-08,Prairies,Consumer,Seasonal,Express,8,55.42,0,443.36,92.03,72,47,0,5.3
852,2025-11-13,Atlantic,Consumer,Health & Beauty,Standard,3,10.07,0.15,25.68,6.08,18,22,0,6.8
853,2025-04-19,Ontario,Consumer,Home,Standard,7,49.18,0,344.26,85.56,170,28,0,6.1
854,2025-07-15,Quebec,Consumer,Health & Beauty,Express,4,27.53,0,110.12,38.64,10,22,1,6.3
855,2025-09-17,Ontario,Small Business,Seasonal,Pickup,3,68.05,0.2,163.32,8.86,32,22,0,4.6
856,2025-05-12,BC,Corporate,Home,Standard,4,67.62,0,270.48,79.82,177,48,0,6.3
857,2025-03-25,BC,Small Business,Office Supplies,Pickup,4,30.58,0.05,116.2,32.74,132,49,0,4.2
858,2025-01-17,BC,Small Business,Home,Pickup,2,81.4,0.05,154.66,42.95,204,33,0,6.2
859,2025-04-25,BC,Consumer,Office Supplies,Same Day,5,39.39,0,196.95,54.69,42,51,0,3.6
860,2025-02-27,BC,Consumer,Electronics,Express,1,254.63,0.15,216.44,11.0,149,28,0,7.5
861,2025-10-25,BC,Consumer,Health & Beauty,Pickup,4,31.98,0.15,108.73,25.2,153,36,0,2.1
862,2025-06-05,Prairies,Consumer,Seasonal,Standard,3,61.21,0.15,156.09,10.1,72,46,0,9.4
863,2025-02-09,BC,Consumer,Health & Beauty,Express,1,15.62,0.1,14.06,3.44,37,31,0,6.6
864,2025-08-03,Quebec,Corporate,Home,Standard,4,91.82,0.15,312.19,37.34,107,23,0,5.5
865,2025-03-01,Ontario,Consumer,Home,Pickup,6,68.32,0,409.92,94.35,28,32,0,5.4
866,2025-01-21,BC,Small Business,Electronics,Standard,3,70.36,0.2,168.86,0.69,19,55,0,5.9
867,2025-07-21,Ontario,Corporate,Electronics,Same Day,1,165.73,0,165.73,20.79,65,47,0,2.9
868,2025-09-27,Prairies,Consumer,Health & Beauty,Same Day,3,26.33,0.05,75.04,23.48,209,52,0,6.2
869,2025-07-23,Atlantic,Small Business,Seasonal,Same Day,7,66.21,0,463.47,99.5,49,31,0,5.3
870,2025-06-30,Atlantic,Consumer,Seasonal,Pickup,7,18.63,0,130.41,40.8,157,24,0,4.0
871,2025-01-15,Ontario,Corporate,Electronics,Pickup,1,92.51,0,92.51,13.52,101,53,0,5.5
872,2025-04-02,Quebec,Consumer,Health & Beauty,Standard,3,46.14,0.2,110.74,17.71,107,49,0,3.6
873,2025-04-30,BC,Small Business,Electronics,Pickup,4,38.9,0.05,147.82,6.96,144,48,0,8.6
874,2025-05-05,BC,Small Business,Electronics,Express,5,299.25,0.05,1421.44,108.34,107,54,0,4.1
875,2025-09-27,Prairies,Corporate,Grocery,Same Day,6,19.42,0.1,104.87,3.98,200,51,0,9.3
876,2025-07-31,Quebec,Corporate,Health & Beauty,Express,5,29.53,0.1,132.89,32.71,46,44,0,5.7
877,2025-08-11,Atlantic,Corporate,Grocery,Standard,3,32.29,0,96.87,11.68,3,54,0,2.0
878,2025-09-07,Prairies,Small Business,Office Supplies,Express,5,35.8,0.1,161.1,26.4,87,31,0,5.6
879,2025-06-14,Quebec,Small Business,Apparel,Pickup,8,40.08,0.05,304.61,82.56,125,27,0,5.8
880,2025-11-22,Prairies,Corporate,Health & Beauty,Pickup,3,28.12,0.2,67.49,9.84,157,22,0,7.6
881,2025-04-09,Prairies,Small Business,Grocery,Standard,5,21.92,0,109.6,20.47,153,41,0,3.8
882,2025-05-02,Quebec,Corporate,Electronics,Pickup,4,156.13,0.15,530.84,-22.02,63,23,0,4.0
883,2025-08-04,Ontario,Consumer,Home,Standard,2,78.87,0.2,126.19,7.72,73,28,0,5.0
884,2025-08-30,Ontario,Small Business,Electronics,Standard,4,226.49,0,905.96,113.53,132,32,0,7.6
885,2025-06-11,Atlantic,Consumer,Seasonal,Same Day,4,48.92,0.1,176.11,24.52,214,23,0,3.4
886,2025-04-10,BC,Small Business,Health & Beauty,Standard,7,25.17,0,176.19,56.71,87,24,0,6.8
887,2025-12-05,BC,Corporate,Seasonal,Pickup,4,61.78,0,247.12,55.06,190,38,0,6.3
888,2025-08-29,Atlantic,Corporate,Electronics,Pickup,5,224.76,0,1123.8,201.77,191,55,0,3.6
889,2025-05-11,Prairies,Consumer,Apparel,Standard,1,66.35,0.05,63.03,15.84,55,32,0,8.5
890,2025-03-31,Quebec,Consumer,Seasonal,Pickup,1,109.92,0.15,93.43,7.94,184,28,0,2.7
891,2025-03-08,Quebec,Corporate,Apparel,Standard,2,58.42,0.1,105.16,22.25,194,55,0,5.4
892,2025-07-23,Prairies,Consumer,Office Supplies,Pickup,7,57.78,0,404.46,90.66,58,53,0,4.7
893,2025-01-02,Atlantic,Small Business,Apparel,Express,8,37.33,0,298.64,80.3,85,54,0,7.0
894,2025-11-25,Ontario,Corporate,Office Supplies,Standard,4,22.34,0,89.36,25.5,106,45,0,3.9
895,2025-09-26,Atlantic,Small Business,Home,Pickup,1,62.26,0.15,52.92,8.11,180,40,0,3.5
896,2025-06-03,Atlantic,Small Business,Seasonal,Pickup,5,78.49,0.05,372.83,73.36,73,45,0,4.2
897,2025-11-12,Prairies,Consumer,Seasonal,Standard,3,66.62,0,199.86,42.96,6,37,1,6.0
898,2025-05-30,BC,Small Business,Home,Pickup,3,78.46,0.15,200.07,17.97,44,34,0,8.0
899,2025-03-11,BC,Small Business,Grocery,Same Day,3,13.39,0.2,32.14,0.32,106,50,0,8.4
900,2025-07-17,Atlantic,Consumer,Grocery,Same Day,1,22.58,0.05,21.45,3.43,116,51,0,3.6
901,2025-02-26,Prairies,Corporate,Home,Same Day,4,91.4,0,365.6,83.4,72,50,0,10.1
902,2025-02-06,Atlantic,Small Business,Health & Beauty,Same Day,3,24.95,0.05,71.11,22.73,43,52,1,9.0
903,2025-10-27,BC,Consumer,Seasonal,Same Day,3,51.6,0.05,147.06,25.31,110,34,0,6.5
904,2025-08-26,Atlantic,Small Business,Seasonal,Express,2,12.06,0.05,22.91,2.66,72,28,0,2.8
905,2025-03-19,Atlantic,Consumer,Seasonal,Standard,3,38.93,0,116.79,25.0,82,40,0,2.0
906,2025-05-30,Atlantic,Corporate,Seasonal,Express,2,42.37,0,84.74,19.71,100,43,0,9.1
907,2025-04-12,Prairies,Corporate,Seasonal,Pickup,2,60.88,0.15,103.5,14.99,56,26,0,8.6
908,2025-05-15,Quebec,Small Business,Apparel,Same Day,2,16.67,0.15,28.34,4.28,1,41,1,7.6
909,2025-01-01,Atlantic,Small Business,Home,Pickup,2,75.39,0.15,128.16,9.67,172,41,0,8.2
910,2025-02-16,BC,Corporate,Home,Pickup,1,74.38,0.2,59.5,2.92,145,51,0,6.3
911,2025-06-21,Ontario,Small Business,Health & Beauty,Pickup,2,11.38,0,22.76,9.48,199,26,0,2.7
912,2025-06-29,Prairies,Corporate,Office Supplies,Same Day,1,26.18,0,26.18,7.41,203,33,0,5.2
913,2025-07-27,Atlantic,Small Business,Seasonal,Pickup,3,59.58,0.2,142.99,5.38,55,51,0,5.2
914,2025-09-21,Prairies,Small Business,Grocery,Standard,1,25.84,0,25.84,6.89,45,35,0,4.9
915,2025-07-15,BC,Corporate,Health & Beauty,Standard,2,20.94,0.1,37.69,9.17,200,51,0,3.8
916,2025-05-24,Atlantic,Small Business,Home,Pickup,5,51.77,0.15,220.02,28.91,169,44,0,8.9
917,2025-07-19,Prairies,Corporate,Apparel,Pickup,5,40.64,0.2,162.56,18.94,87,29,0,6.4
918,2025-04-15,Atlantic,Consumer,Office Supplies,Pickup,7,33.54,0.1,211.3,29.4,195,28,0,5.4
919,2025-09-13,Ontario,Small Business,Office Supplies,Same Day,5,45.6,0.1,205.2,27.89,47,20,0,6.4
920,2025-12-27,Quebec,Consumer,Health & Beauty,Pickup,4,28.95,0.15,98.43,21.15,92,32,0,8.8
921,2025-04-11,BC,Consumer,Electronics,Pickup,1,153.6,0.15,130.56,3.52,108,20,0,2.5
922,2025-11-12,Prairies,Small Business,Health & Beauty,Express,7,16.54,0.1,104.2,30.6,40,46,0,8.8
923,2025-09-03,Ontario,Small Business,Office Supplies,Pickup,4,40.48,0.2,129.54,17.46,135,31,0,6.5
924,2025-05-28,Quebec,Consumer,Electronics,Standard,2,134.63,0.15,228.87,-2.84,108,51,0,5.1
925,2025-03-10,Atlantic,Small Business,Office Supplies,Standard,3,31.06,0,93.18,24.36,104,23,0,4.4
926,2025-06-30,Prairies,Corporate,Electronics,Pickup,3,248.44,0.05,708.05,135.78,202,39,0,5.2
927,2025-10-16,BC,Small Business,Seasonal,Pickup,2,71.99,0.05,136.78,26.47,202,32,0,5.0
928,2025-04-23,Atlantic,Corporate,Grocery,Pickup,2,18.73,0.1,33.71,2.51,165,34,0,5.6
929,2025-04-29,Quebec,Small Business,Health & Beauty,Pickup,7,22.87,0.2,128.07,20.87,184,32,0,10.0
930,2025-11-17,Atlantic,Small Business,Apparel,Pickup,1,40.36,0.15,34.31,6.02,13,32,0,7.7
931,2025-09-13,Quebec,Small Business,Seasonal,Same Day,3,80.98,0,242.94,76.83,63,51,0,4.6
932,2025-02-09,Atlantic,Consumer,Health & Beauty,Standard,1,13.76,0.05,13.07,3.93,26,40,1,5.8
933,2025-08-19,Atlantic,Corporate,Office Supplies,Pickup,3,49.52,0.1,133.7,20.4,58,32,0,2.1
934,2025-03-23,Atlantic,Corporate,Electronics,Express,3,161.45,0,484.35,37.02,14,24,1,4.9
935,2025-12-18,Prairies,Consumer,Seasonal,Pickup,4,46.16,0.2,147.71,12.23,116,41,0,7.7
936,2025-09-17,BC,Small Business,Electronics,Standard,1,267.59,0,267.59,43.78,42,49,0,7.1
937,2025-09-21,BC,Consumer,Grocery,Standard,8,13.29,0,106.32,14.93,123,29,0,2.8
938,2025-06-19,Prairies,Consumer,Office Supplies,Express,1,33.24,0.05,31.58,7.81,65,33,0,5.8
939,2025-03-28,Ontario,Small Business,Grocery,Same Day,3,17.35,0,52.05,8.47,93,38,0,5.9
940,2025-03-15,BC,Small Business,Apparel,Same Day,1,32.39,0,32.39,12.07,152,23,0,7.1
941,2025-07-06,Prairies,Consumer,Office Supplies,Pickup,6,33.38,0,200.28,61.13,176,27,0,4.7
942,2025-12-02,Prairies,Consumer,Electronics,Pickup,4,206.43,0,825.72,93.84,80,44,0,9.1
943,2025-04-19,Prairies,Consumer,Office Supplies,Standard,4,46.78,0.1,168.41,26.17,154,40,0,4.9
944,2025-01-12,Quebec,Corporate,Seasonal,Standard,6,61.77,0.2,296.5,32.98,71,28,0,9.3
945,2025-06-11,Atlantic,Small Business,Home,Pickup,6,49.89,0.05,284.37,43.46,13,39,0,5.7
946,2025-10-19,Ontario,Corporate,Grocery,Standard,1,17.74,0,17.74,3.93,38,42,1,8.4
947,2025-07-24,Atlantic,Small Business,Office Supplies,Same Day,3,34.79,0.15,88.71,17.64,20,22,0,4.3
948,2025-04-11,Prairies,Corporate,Office Supplies,Pickup,4,39.33,0.15,133.72,11.68,205,38,0,0.8
949,2025-12-17,BC,Small Business,Office Supplies,Express,3,30.17,0,90.51,22.84,19,30,0,6.1
950,2025-10-09,BC,Consumer,Apparel,Express,3,48.85,0.05,139.22,40.03,161,53,0,5.1
951,2025-04-12,BC,Corporate,Office Supplies,Same Day,1,48.14,0.1,43.33,4.97,158,35,0,6.1
952,2025-07-19,Atlantic,Corporate,Office Supplies,Same Day,1,37.02,0.05,35.17,11.33,158,49,0,5.2
953,2025-07-26,Prairies,Consumer,Apparel,Standard,1,60.46,0.05,57.44,15.6,81,29,0,4.2
954,2025-05-13,Quebec,Corporate,Grocery,Express,6,21.99,0,131.94,34.59,145,22,0,0.5
955,2025-12-26,Prairies,Consumer,Seasonal,Same Day,1,75.3,0.1,67.77,17.92,104,31,0,7.8
956,2025-03-02,Quebec,Consumer,Electronics,Express,1,255.66,0.2,204.53,-5.89,118,36,0,6.3
957,2025-03-16,BC,Corporate,Grocery,Pickup,7,23.87,0.05,158.74,32.57,24,47,1,11.1
958,2025-08-01,Ontario,Corporate,Office Supplies,Same Day,3,28.45,0.1,76.81,16.78,176,29,0,5.0
959,2025-06-10,BC,Consumer,Seasonal,Pickup,8,48.2,0.2,308.48,13.71,84,36,0,4.2
960,2025-03-09,Ontario,Small Business,Home,Pickup,2,68.21,0,136.42,33.14,205,51,0,5.8
961,2025-11-25,BC,Corporate,Office Supplies,Express,3,30.27,0,90.81,30.36,141,42,0,4.2
962,2025-02-25,Ontario,Small Business,Health & Beauty,Same Day,2,37.34,0.2,59.74,13.44,51,45,0,6.8
963,2025-09-07,Prairies,Small Business,Office Supplies,Standard,4,5,0.1,18.0,3.61,152,26,0,4.7
964,2025-07-28,Prairies,Corporate,Seasonal,Standard,1,72.02,0.05,68.42,16.49,147,25,0,7.7
965,2025-06-22,Ontario,Consumer,Grocery,Express,4,14.78,0,59.12,11.34,55,23,0,4.2
966,2025-01-06,Quebec,Consumer,Health & Beauty,Same Day,6,16.91,0,101.46,32.05,150,31,0,5.8
967,2025-11-29,Prairies,Corporate,Grocery,Standard,3,9.35,0,28.05,5.03,14,31,1,5.6
968,2025-04-29,Prairies,Small Business,Office Supplies,Standard,2,30.74,0,61.48,16.2,68,34,0,4.4
969,2025-10-11,Ontario,Small Business,Health & Beauty,Same Day,4,21.92,0.15,74.53,15.96,51,24,0,6.1
970,2025-07-19,Quebec,Corporate,Apparel,Pickup,3,26.02,0,78.06,25.72,176,49,0,7.1
971,2025-02-26,Quebec,Small Business,Office Supplies,Pickup,3,25.35,0,76.05,17.27,102,50,0,6.7
972,2025-07-31,Atlantic,Small Business,Seasonal,Express,4,41.18,0.15,140.01,8.39,219,21,0,6.3
973,2025-01-13,Prairies,Small Business,Seasonal,Pickup,1,119.73,0.2,95.78,-4.94,0,39,1,6.8
974,2025-01-28,Ontario,Consumer,Electronics,Express,7,260.3,0.1,1639.89,44.32,74,48,0,7.0
975,2025-08-14,Atlantic,Consumer,Seasonal,Same Day,4,53.46,0,213.84,47.8,190,51,0,5.5
976,2025-02-21,BC,Consumer,Electronics,Pickup,2,145.78,0,291.56,51.14,188,26,0,6.3
977,2025-05-17,Ontario,Small Business,Electronics,Standard,4,230.43,0.2,737.38,-47.31,10,28,0,7.3
978,2025-04-18,Quebec,Small Business,Apparel,Pickup,5,48.76,0.15,207.23,31.57,88,35,0,4.9
979,2025-06-21,Prairies,Corporate,Home,Pickup,1,106.8,0,106.8,22.76,109,54,0,2.9
980,2025-05-19,Quebec,Corporate,Office Supplies,Express,6,30.37,0,182.22,50.15,210,34,0,6.3
981,2025-10-18,BC,Consumer,Apparel,Same Day,6,67.91,0.15,346.34,63.27,111,34,0,5.0
982,2025-07-08,Atlantic,Corporate,Health & Beauty,Same Day,5,30.64,0,153.2,59.67,111,52,0,3.8
983,2025-01-24,Ontario,Small Business,Grocery,Same Day,2,17.17,0.2,27.47,1.38,64,47,0,7.2
984,2025-06-01,Prairies,Small Business,Health & Beauty,Standard,5,28.07,0.05,133.33,43.06,113,38,0,3.6
985,2025-02-22,Atlantic,Small Business,Seasonal,Same Day,4,51.35,0,205.4,44.35,132,34,0,4.8
986,2025-11-24,Prairies,Consumer,Home,Pickup,7,69.3,0.05,460.84,89.02,7,37,1,9.3
987,2025-03-27,Atlantic,Corporate,Office Supplies,Standard,1,22.62,0.15,19.23,3.74,27,25,0,4.6
988,2025-06-30,Prairies,Small Business,Grocery,Pickup,1,12.38,0,12.38,2.59,2,31,1,5.5
989,2025-03-09,BC,Small Business,Office Supplies,Standard,2,21.17,0,42.34,13.39,46,30,0,8.6
990,2025-09-26,Atlantic,Corporate,Grocery,Express,7,19.9,0.2,111.44,10.93,139,44,0,4.8
991,2025-12-25,Ontario,Small Business,Electronics,Express,5,80.4,0,402.0,31.34,38,43,1,8.7
992,2025-03-16,Atlantic,Corporate,Grocery,Express,2,23.88,0,47.76,9.54,188,24,0,8.6
993,2025-04-24,Atlantic,Corporate,Electronics,Express,3,154.61,0,463.83,23.75,209,44,0,4.1
994,2025-05-29,Atlantic,Small Business,Health & Beauty,Standard,3,14.11,0.15,35.98,7.63,88,44,0,4.6
995,2025-03-13,Quebec,Corporate,Office Supplies,Same Day,2,37.76,0.05,71.74,18.86,201,38,0,8.7
996,2025-08-11,Ontario,Small Business,Home,Pickup,1,86.54,0,86.54,20.33,104,42,0,3.9
997,2025-05-07,Quebec,Small Business,Grocery,Express,4,23.48,0.05,89.22,4.08,207,53,0,4.8
998,2025-12-16,BC,Small Business,Grocery,Standard,4,39.53,0.05,150.21,21.07,47,54,1,6.3
999,2025-11-06,Quebec,Consumer,Apparel,Standard,5,60.45,0.1,272.03,41.65,76,48,0,6.9
1000,2025-06-06,BC,Consumer,Health & Beauty,Pickup,2,20.89,0.15,35.51,7.01,184,55,0,6.9
1001,2025-10-21,Prairies,Consumer,Health & Beauty,Pickup,5,35.46,0,177.3,58.21,118,53,0,3.4
1002,2025-04-12,Atlantic,Consumer,Seasonal,Same Day,1,46.66,0.1,41.99,9.15,130,47,0,6.5
1003,2025-04-07,Prairies,Small Business,Apparel,Pickup,2,42.21,0,84.42,20.94,6,43,1,8.8
1004,2025-10-25,Prairies,Small Business,Home,Express,9,41.44,0.1,335.66,44.65,185,35,0,3.5
1005,2025-05-11,Quebec,Small Business,Seasonal,Same Day,1,36.21,0,36.21,9.04,153,35,0,5.7
1006,2025-06-07,BC,Consumer,Office Supplies,Standard,3,27.34,0,82.02,24.97,89,45,0,8.9
1007,2025-06-01,Quebec,Corporate,Seasonal,Express,3,49.23,0.1,132.92,19.16,196,35,0,7.2
1008,2025-01-07,BC,Consumer,Health & Beauty,Standard,6,21.15,0,126.9,43.57,220,44,0,6.9
1009,2025-12-21,BC,Corporate,Office Supplies,Same Day,2,18.58,0.2,29.73,4.34,58,53,0,4.4
1010,2025-09-09,BC,Consumer,Home,Pickup,4,93.99,0,375.96,92.18,4,47,0,8.7
1011,2025-12-30,Quebec,Small Business,Apparel,Pickup,2,46.47,0,92.94,31.45,195,38,0,6.6
1012,2025-07-09,BC,Consumer,Apparel,Standard,5,57.54,0.15,244.54,54.6,59,32,0,2.2
1013,2025-04-26,Prairies,Corporate,Home,Pickup,3,39.88,0,119.64,27.92,155,48,0,4.1
1014,2025-01-28,Ontario,Consumer,Home,Same Day,3,57.45,0.1,155.12,18.53,52,28,0,6.3
1015,2025-12-23,Quebec,Consumer,Apparel,Express,2,39.2,0,78.4,22.96,106,47,0,6.0
1016,2025-01-16,Ontario,Small Business,Office Supplies,Pickup,4,42.1,0.1,151.56,25.72,47,55,0,5.7
1017,2025-08-12,Atlantic,Consumer,Grocery,Pickup,3,37.53,0,112.59,19.99,162,28,0,6.2
1018,2025-04-02,Quebec,Small Business,Office Supplies,Same Day,4,37.5,0.1,135.0,25.3,106,36,0,4.6
1019,2025-03-30,Prairies,Small Business,Electronics,Pickup,3,196.01,0.1,529.23,22.32,21,55,1,5.1
1020,2025-05-07,Prairies,Consumer,Seasonal,Standard,2,75.51,0,151.02,47.73,10,39,0,4.2
1021,2025-10-05,Atlantic,Consumer,Seasonal,Same Day,1,80.67,0.15,68.57,3.33,160,38,0,4.7
1022,2025-11-08,Prairies,Consumer,Office Supplies,Pickup,5,45.84,0.1,206.28,26.2,140,39,0,3.5
1023,2025-03-24,Prairies,Consumer,Health & Beauty,Pickup,3,11.03,0.1,29.78,4.89,95,21,0,5.0
1024,2025-11-13,Prairies,Consumer,Health & Beauty,Express,1,27.72,0.1,24.95,7.19,144,40,0,9.1
1025,2025-06-12,BC,Consumer,Health & Beauty,Express,5,21.23,0.05,100.84,33.48,173,44,0,7.7
1026,2025-04-14,Atlantic,Small Business,Seasonal,Same Day,2,50.83,0.05,96.58,9.62,91,38,0,2.9
1027,2025-05-26,Quebec,Small Business,Apparel,Standard,3,54.79,0.15,139.71,27.38,163,27,0,5.3
1028,2025-11-01,Quebec,Corporate,Health & Beauty,Standard,1,23.53,0,23.53,8.65,70,52,0,6.7
1029,2025-12-31,Prairies,Small Business,Home,Same Day,4,51.73,0.05,196.57,53.68,14,48,0,7.8
1030,2025-06-29,BC,Consumer,Home,Pickup,3,111.61,0,334.83,95.2,202,41,0,5.4
1031,2025-06-24,Quebec,Consumer,Apparel,Pickup,2,60.28,0,120.56,36.64,205,24,0,9.7
1032,2025-06-04,Atlantic,Corporate,Grocery,Same Day,6,31.75,0,190.5,40.3,112,53,0,5.1
1033,2025-12-13,Quebec,Small Business,Grocery,Same Day,3,15.24,0,45.72,8.13,146,45,0,6.8
1034,2025-04-21,Quebec,Corporate,Office Supplies,Express,4,35.03,0.1,126.11,26.39,107,21,0,4.7
1035,2025-08-29,BC,Consumer,Grocery,Express,2,20.67,0.2,33.07,-0.1,10,50,1,8.3
1036,2025-07-31,Atlantic,Consumer,Office Supplies,Pickup,3,25.22,0.1,68.09,14.91,85,20,0,9.2
1037,2025-12-25,BC,Consumer,Electronics,Same Day,1,109.45,0,109.45,11.15,37,46,1,7.6
1038,2025-07-04,Prairies,Corporate,Seasonal,Standard,4,61.85,0.05,235.03,38.23,25,24,0,6.7
1039,2025-03-29,Quebec,Small Business,Grocery,Standard,3,29.1,0.05,82.94,12.19,140,45,0,3.2
1040,2025-10-08,BC,Corporate,Apparel,Pickup,2,43.86,0,87.72,26.57,17,38,1,7.0
1041,2025-02-14,Atlantic,Consumer,Health & Beauty,Same Day,4,17.26,0.1,62.14,22.17,78,27,0,6.2
1042,2025-03-13,Prairies,Small Business,Seasonal,Standard,5,44.46,0.15,188.96,22.69,64,44,0,5.4
1043,2025-07-30,Prairies,Small Business,Grocery,Standard,2,9.82,0.05,18.66,2.48,55,40,0,6.3
1044,2025-09-28,BC,Corporate,Grocery,Pickup,4,25.59,0,102.36,17.45,150,46,0,9.7
1045,2025-10-13,Ontario,Consumer,Electronics,Same Day,3,66.32,0.1,179.06,18.65,209,20,0,6.3
1046,2025-05-28,Prairies,Corporate,Electronics,Standard,1,114.56,0.15,97.38,-0.77,23,36,1,8.1
1047,2025-10-27,Quebec,Small Business,Apparel,Pickup,7,44.34,0.2,248.3,8.15,78,42,0,1.3
1048,2025-11-30,Ontario,Corporate,Office Supplies,Same Day,5,31.41,0.15,133.49,15.16,110,28,0,6.6
1049,2025-09-04,BC,Consumer,Health & Beauty,Standard,6,36.6,0.15,186.66,42.4,14,22,1,4.6
1050,2025-12-12,Prairies,Consumer,Health & Beauty,Pickup,1,20.92,0,20.92,8.1,144,42,0,8.3
1051,2025-12-24,Quebec,Consumer,Grocery,Pickup,1,20.08,0.1,18.07,1.57,70,34,0,6.0
1052,2025-01-03,Ontario,Small Business,Apparel,Pickup,3,47.2,0,141.6,38.55,58,25,0,7.1
1053,2025-05-27,Prairies,Small Business,Office Supplies,Standard,3,38.02,0,114.06,27.29,8,34,0,5.2
1054,2025-04-02,Ontario,Corporate,Grocery,Same Day,3,11.76,0,35.28,8.93,170,39,0,7.2
1055,2025-08-29,Ontario,Consumer,Seasonal,Express,2,44.83,0.2,71.73,6.48,98,52,0,0.9
1056,2025-06-14,Quebec,Small Business,Apparel,Standard,10,35.43,0.1,318.87,54.63,202,47,0,5.7
1057,2025-05-23,Quebec,Corporate,Office Supplies,Same Day,2,49.49,0,98.98,28.16,17,26,0,8.9
1058,2025-09-20,Quebec,Corporate,Office Supplies,Same Day,5,50.36,0.2,201.44,13.05,32,43,1,8.9
1059,2025-03-09,Quebec,Consumer,Grocery,Express,5,28.96,0.1,130.32,15.45,199,53,0,1.0
1060,2025-04-22,Atlantic,Consumer,Apparel,Pickup,4,62.91,0.1,226.48,60.56,103,54,0,4.0
1061,2025-05-22,Ontario,Corporate,Health & Beauty,Express,5,24.24,0,121.2,40.79,111,53,0,2.1
1062,2025-09-01,Quebec,Consumer,Seasonal,Standard,4,53.85,0.2,172.32,-1.08,188,26,0,6.5
1063,2025-06-18,Ontario,Small Business,Grocery,Standard,1,27.18,0.15,23.1,0.89,189,31,0,4.2
1064,2025-06-03,Quebec,Small Business,Health & Beauty,Standard,3,17.7,0.1,47.79,16.22,35,39,0,5.2
1065,2025-05-27,BC,Corporate,Seasonal,Pickup,1,74.98,0.2,59.98,0.19,191,37,0,1.6
1066,2025-11-19,Atlantic,Small Business,Grocery,Same Day,2,25.38,0,50.76,4.47,4,37,1,7.2
1067,2025-12-05,BC,Consumer,Apparel,Express,4,68.6,0.1,246.96,40.29,119,42,0,4.5
1068,2025-02-27,Atlantic,Small Business,Health & Beauty,Pickup,5,35.02,0,175.1,65.0,118,33,0,9.3
1069,2025-05-02,Prairies,Corporate,Office Supplies,Same Day,5,21.56,0.1,97.02,19.08,176,31,0,6.8
1070,2025-04-29,BC,Small Business,Electronics,Pickup,3,135.94,0.05,387.43,26.91,111,41,0,6.8
1071,2025-07-23,Ontario,Corporate,Home,Same Day,5,92.67,0.15,393.85,-0.63,28,31,0,5.1
1072,2025-05-13,Atlantic,Corporate,Seasonal,Pickup,2,65.67,0,131.34,17.5,87,28,0,7.0
1073,2025-08-14,Prairies,Corporate,Grocery,Pickup,2,13.77,0.15,23.41,0.4,124,47,0,7.9
1074,2025-10-16,Atlantic,Consumer,Apparel,Pickup,2,47.42,0,94.84,34.36,131,53,0,6.9
1075,2025-09-02,BC,Small Business,Seasonal,Pickup,5,5.31,0,26.55,7.22,178,54,0,5.6
1076,2025-07-04,Prairies,Small Business,Apparel,Pickup,4,50.79,0,203.16,67.27,144,47,0,4.3
1077,2025-01-05,BC,Corporate,Home,Standard,2,55.8,0,111.6,34.93,67,42,0,3.2
1078,2025-06-16,Atlantic,Consumer,Office Supplies,Express,4,20.33,0.05,77.25,17.48,22,26,0,4.9
1079,2025-08-19,BC,Consumer,Seasonal,Same Day,4,62.48,0,249.92,46.54,58,43,0,5.9
1080,2025-06-29,Ontario,Small Business,Grocery,Pickup,5,16.65,0.1,74.92,14.01,156,30,0,6.8
1081,2025-06-18,Ontario,Corporate,Health & Beauty,Standard,3,26.89,0.15,68.57,13.98,207,23,0,3.1
1082,2025-06-29,Quebec,Corporate,Grocery,Pickup,7,22.21,0,155.47,41.37,169,24,0,9.8
1083,2025-08-09,Atlantic,Consumer,Home,Same Day,1,40.41,0.05,38.39,8.98,70,28,0,5.7
1084,2025-05-31,BC,Corporate,Apparel,Pickup,4,30.53,0.15,103.8,13.76,219,43,0,4.9
1085,2025-03-13,BC,Corporate,Electronics,Same Day,4,199.45,0,797.8,113.65,145,37,0,9.5
1086,2025-05-27,BC,Small Business,Office Supplies,Pickup,2,49.01,0,98.02,33.81,205,33,0,2.7
1087,2025-10-11,Ontario,Corporate,Grocery,Pickup,2,24.06,0.15,40.9,2.56,146,27,0,6.5
1088,2025-10-09,Quebec,Corporate,Apparel,Standard,3,63.22,0,189.66,51.33,32,48,1,7.8
1089,2025-09-12,Ontario,Small Business,Grocery,Standard,1,9.65,0,9.65,1.87,101,23,0,5.0
1090,2025-11-01,Ontario,Small Business,Seasonal,Express,6,50.18,0.1,270.97,31.99,129,40,0,6.0
1091,2025-03-31,Ontario,Corporate,Apparel,Express,4,39.76,0,159.04,55.87,68,42,0,7.0
1092,2025-12-11,BC,Corporate,Electronics,Express,2,85.25,0,170.5,25.59,96,26,0,5.0
1093,2025-07-27,BC,Small Business,Health & Beauty,Same Day,2,15.37,0.15,26.13,5.47,184,47,0,9.9
1094,2025-01-27,Ontario,Small Business,Seasonal,Express,3,41.41,0.2,99.38,5.02,35,43,1,8.7
1095,2025-06-24,Quebec,Small Business,Seasonal,Express,5,69.89,0,349.45,77.28,106,35,0,8.6
1096,2025-08-07,BC,Corporate,Office Supplies,Express,2,29.18,0,58.36,14.84,65,53,0,3.7
1097,2025-02-18,Quebec,Small Business,Health & Beauty,Express,1,31.0,0.2,24.8,5.88,35,33,0,5.7
1098,2025-10-23,BC,Consumer,Apparel,Express,5,41.78,0.15,177.56,22.6,20,37,0,1.6
1099,2025-09-20,BC,Consumer,Seasonal,Express,3,78.14,0.1,210.98,37.36,78,50,0,4.1
1100,2025-04-13,Prairies,Corporate,Seasonal,Express,4,47.01,0.15,159.83,4.59,65,43,0,6.3
1101,2025-09-08,Atlantic,Consumer,Seasonal,Express,4,35.14,0,140.56,27.79,4,35,0,6.4
1102,2025-12-25,Quebec,Consumer,Apparel,Standard,6,44.75,0,268.5,87.35,158,50,0,6.9
1103,2025-06-19,Ontario,Small Business,Office Supplies,Standard,1,38.81,0.15,32.99,3.74,128,39,0,5.2
1104,2025-06-21,BC,Corporate,Grocery,Express,4,22.66,0.05,86.11,14.54,33,51,1,5.8
1105,2025-01-05,BC,Small Business,Grocery,Pickup,4,27.59,0,110.36,22.6,55,30,0,5.1
1106,2025-05-06,Atlantic,Small Business,Health & Beauty,Pickup,5,33.58,0.15,142.71,39.26,36,50,1,9.5
1107,2025-09-25,Quebec,Consumer,Seasonal,Express,6,62.09,0,372.54,62.34,196,29,0,4.6
1108,2025-02-27,Prairies,Corporate,Seasonal,Express,4,66.74,0.15,226.92,33.1,198,41,0,4.9
1109,2025-01-01,BC,Consumer,Seasonal,Express,1,49.3,0.2,39.44,0.5,162,28,0,7.2
1110,2025-01-31,Atlantic,Corporate,Health & Beauty,Standard,5,28.98,0.15,123.17,28.34,204,27,0,5.3
1111,2025-01-13,BC,Small Business,Electronics,Express,8,221.13,0,1769.04,312.1,33,25,0,2.7
1112,2025-11-26,Prairies,Corporate,Home,Express,1,84.76,0,84.76,18.46,106,47,0,6.2
1113,2025-07-31,Atlantic,Corporate,Health & Beauty,Pickup,2,32.78,0,65.56,24.97,186,37,0,3.8
1114,2025-01-07,Ontario,Corporate,Office Supplies,Express,3,19.33,0.1,52.19,10.12,153,31,0,5.2
1115,2025-08-15,Quebec,Small Business,Home,Same Day,1,90.28,0,90.28,23.55,139,29,0,7.2
1116,2025-04-03,Quebec,Consumer,Seasonal,Same Day,2,20.09,0.15,34.15,4.75,194,53,0,2.6
1117,2025-05-13,Atlantic,Small Business,Grocery,Same Day,3,27.38,0.2,65.71,3.67,102,32,0,4.1
1118,2025-06-22,BC,Small Business,Home,Standard,4,95.84,0,383.36,86.77,84,55,0,4.1
1119,2025-05-01,Quebec,Corporate,Health & Beauty,Same Day,2,18.08,0.05,34.35,9.63,169,20,0,6.4
1120,2025-04-05,Prairies,Consumer,Electronics,Same Day,5,141.14,0,705.7,122.76,41,36,0,7.4
1121,2025-06-30,Ontario,Corporate,Office Supplies,Same Day,2,35.36,0.2,56.58,8.65,135,31,0,1.5
1122,2025-02-14,Quebec,Corporate,Home,Same Day,5,66.25,0,331.25,112.99,185,41,0,2.5
1123,2025-08-26,Prairies,Small Business,Electronics,Express,5,80.37,0,401.85,48.9,8,23,0,5.5
1124,2025-06-20,Atlantic,Consumer,Health & Beauty,Express,3,18.2,0.05,51.87,16.92,17,28,0,5.6
1125,2025-10-06,Prairies,Consumer,Office Supplies,Same Day,4,8.46,0,33.84,9.6,203,29,0,7.3
1126,2025-02-06,Ontario,Small Business,Grocery,Express,5,22.56,0.2,90.24,-3.3,212,28,0,7.0
1127,2025-04-19,BC,Corporate,Health & Beauty,Same Day,1,18.29,0,18.29,6.31,1,42,0,7.8
1128,2025-12-12,Quebec,Consumer,Office Supplies,Standard,2,38.85,0,77.7,21.79,102,23,0,8.4
1129,2025-03-14,Atlantic,Consumer,Seasonal,Express,2,20.3,0.15,34.51,4.57,151,54,0,5.4
1130,2025-06-16,BC,Consumer,Home,Same Day,1,58.81,0.1,52.93,7.75,212,39,0,8.0
1131,2025-11-21,Quebec,Consumer,Office Supplies,Pickup,4,33.97,0.05,129.09,33.04,52,20,0,6.1
1132,2025-01-14,Quebec,Corporate,Health & Beauty,Same Day,4,28.95,0.2,92.64,18.35,20,33,1,11.3
1133,2025-01-20,Quebec,Consumer,Home,Standard,5,68.73,0,343.65,90.75,84,37,0,8.0
1134,2025-09-08,BC,Small Business,Grocery,Same Day,3,25.83,0.05,73.62,13.8,140,54,0,10.6
1135,2025-01-23,BC,Small Business,Grocery,Express,3,30.43,0.05,86.73,9.17,153,55,0,5.2
1136,2025-09-15,Prairies,Consumer,Grocery,Pickup,1,28.59,0.15,24.3,3.65,142,39,0,8.6
1137,2025-08-21,Ontario,Consumer,Health & Beauty,Pickup,3,23.67,0.1,63.91,13.12,199,21,0,7.3
1138,2025-08-06,BC,Small Business,Health & Beauty,Express,4,20.5,0,82.0,27.01,197,42,0,6.9
1139,2025-11-17,Quebec,Consumer,Seasonal,Express,6,77.06,0.2,369.89,22.55,212,31,0,5.5
1140,2025-09-14,Quebec,Corporate,Electronics,Pickup,2,6.25,0.05,11.88,2.05,4,36,1,9.3
1141,2025-12-25,Quebec,Consumer,Seasonal,Express,5,48.46,0,242.3,46.05,24,26,1,6.6
1142,2025-09-09,Atlantic,Small Business,Home,Same Day,5,60.36,0.2,241.44,33.31,69,28,0,4.2
1143,2025-10-01,Quebec,Corporate,Grocery,Same Day,1,16.7,0,16.7,2.59,102,48,0,5.7
1144,2025-03-26,Atlantic,Corporate,Health & Beauty,Pickup,7,31.5,0.15,187.42,35.44,50,27,0,3.7
1145,2025-08-09,Ontario,Small Business,Grocery,Same Day,6,16.01,0.05,91.26,13.4,153,20,0,4.5
1146,2025-01-05,Prairies,Small Business,Home,Pickup,7,78.04,0.05,518.97,69.33,39,20,0,7.7
1147,2025-09-29,Quebec,Consumer,Apparel,Standard,6,31.21,0.15,159.17,32.76,102,35,0,5.2
1148,2025-06-28,Quebec,Small Business,Office Supplies,Express,6,19.47,0,116.82,27.1,214,32,0,6.3
1149,2025-03-27,Ontario,Small Business,Home,Same Day,3,94.1,0.05,268.18,63.63,210,41,0,1.0
1150,2025-09-18,Atlantic,Small Business,Electronics,Standard,1,195.89,0.15,166.51,17.4,122,51,0,3.6
1151,2025-01-31,BC,Small Business,Seasonal,Express,4,40.57,0,162.28,26.31,64,49,0,6.4
1152,2025-11-07,Ontario,Corporate,Health & Beauty,Same Day,3,25.28,0.1,68.26,22.32,82,46,0,7.2
1153,2025-05-20,Prairies,Consumer,Apparel,Pickup,4,38.38,0,153.52,49.57,97,26,0,5.6
1154,2025-01-01,Ontario,Corporate,Office Supplies,Standard,2,51.09,0,102.18,33.6,99,23,0,4.6
1155,2025-03-17,BC,Corporate,Office Supplies,Express,4,27.05,0.05,102.79,17.6,63,35,0,1.9
1156,2025-04-17,BC,Consumer,Home,Express,6,61.88,0.15,315.59,40.2,106,22,0,6.9
1157,2025-08-15,Ontario,Consumer,Seasonal,Same Day,1,57.71,0,57.71,13.06,23,50,1,8.6
1158,2025-01-26,Prairies,Consumer,Grocery,Standard,6,15.18,0,91.08,17.73,151,40,0,3.1
1159,2025-06-27,Ontario,Consumer,Home,Pickup,1,66.46,0.05,63.14,15.42,51,25,0,7.2
1160,2025-12-21,Prairies,Corporate,Office Supplies,Same Day,3,13.71,0.05,39.07,8.45,40,43,1,9.4
1161,2025-05-14,Ontario,Consumer,Electronics,Express,2,152.22,0,304.44,56.09,63,31,0,2.3
1162,2025-03-29,Ontario,Consumer,Office Supplies,Express,1,18.33,0.05,17.41,3.96,107,37,0,6.4
1163,2025-12-20,Prairies,Consumer,Electronics,Same Day,4,255.36,0.1,919.3,123.83,60,45,0,2.1
1164,2025-04-02,Quebec,Consumer,Health & Beauty,Same Day,8,27.35,0,218.8,78.85,47,50,0,3.6
1165,2025-04-29,BC,Corporate,Seasonal,Same Day,6,44.31,0.2,212.69,11.17,55,34,0,2.3
1166,2025-07-11,Quebec,Small Business,Office Supplies,Same Day,3,23.22,0.05,66.18,12.24,207,44,0,6.4
1167,2025-07-08,BC,Corporate,Seasonal,Same Day,4,76.55,0,306.2,70.1,138,20,0,7.0
1168,2025-02-25,Ontario,Corporate,Office Supplies,Pickup,3,61.95,0,185.85,58.84,157,24,0,6.8
1169,2025-08-16,Quebec,Small Business,Grocery,Same Day,4,36.01,0.05,136.84,13.49,58,38,0,7.0
1170,2025-12-10,Prairies,Corporate,Electronics,Express,4,220.18,0,880.72,127.02,183,51,0,5.8
1171,2025-07-12,Ontario,Small Business,Office Supplies,Same Day,7,39.88,0,279.16,67.13,216,44,0,2.9
1172,2025-06-03,Quebec,Consumer,Electronics,Express,3,232.52,0.15,592.93,18.3,187,21,0,8.6
1173,2025-08-05,Quebec,Small Business,Health & Beauty,Express,5,22.01,0.15,93.54,16.89,175,54,0,5.9
1174,2025-11-16,Quebec,Consumer,Office Supplies,Standard,3,27.56,0,82.68,20.1,78,38,0,5.1
1175,2025-06-08,Ontario,Consumer,Seasonal,Same Day,4,37.07,0.2,118.62,12.21,78,24,0,4.4
1176,2025-06-22,Prairies,Corporate,Home,Pickup,2,71.8,0,143.6,33.9,7,55,1,8.8
1177,2025-04-10,Ontario,Consumer,Office Supplies,Same Day,5,38.32,0,191.6,46.28,140,23,0,5.0
1178,2025-12-26,Ontario,Consumer,Office Supplies,Pickup,5,57.42,0,287.1,78.61,47,50,1,7.3
1179,2025-09-21,Quebec,Consumer,Home,Pickup,4,90.8,0,363.2,87.9,90,24,0,5.4
1180,2025-10-10,Ontario,Corporate,Home,Same Day,1,126.44,0.15,107.47,17.18,141,32,0,2.6
1181,2025-02-15,Atlantic,Small Business,Seasonal,Express,3,50.0,0,150.0,35.15,50,26,0,4.5
1182,2025-06-13,Atlantic,Corporate,Health & Beauty,Same Day,6,29.66,0,177.96,59.28,209,50,0,6.4
1183,2025-10-13,Quebec,Consumer,Home,Standard,5,119.01,0.1,535.55,80.54,129,26,0,1.7
1184,2025-03-09,Atlantic,Consumer,Electronics,Pickup,2,229.77,0.15,390.61,17.51,37,36,0,8.9
1185,2025-07-16,Quebec,Consumer,Office Supplies,Express,5,35.3,0.15,150.03,20.28,21,48,1,11.0
1186,2025-12-29,BC,Corporate,Home,Pickup,3,48.48,0,145.44,30.06,106,22,0,5.6
1187,2025-10-23,Quebec,Small Business,Apparel,Pickup,2,60.42,0,120.84,31.24,137,49,0,5.6
1188,2025-01-08,Ontario,Consumer,Home,Express,1,70.02,0,70.02,21.86,23,42,0,6.4
1189,2025-11-03,Ontario,Consumer,Home,Express,1,62.37,0,62.37,15.94,102,35,0,3.7
1190,2025-11-14,Prairies,Small Business,Office Supplies,Express,1,37.31,0,37.31,10.44,173,54,0,4.2
1191,2025-09-11,Atlantic,Corporate,Electronics,Same Day,8,215.58,0,1724.64,152.53,129,38,0,6.3
1192,2025-09-13,Atlantic,Consumer,Apparel,Standard,5,24.29,0.05,115.38,25.68,79,53,0,4.3
1193,2025-11-11,Ontario,Corporate,Home,Same Day,3,71.73,0,215.19,46.63,204,35,0,7.9
1194,2025-11-13,Prairies,Small Business,Health & Beauty,Pickup,4,18.24,0,72.96,24.12,163,39,0,4.4
1195,2025-09-18,Atlantic,Consumer,Health & Beauty,Express,3,13.83,0,41.49,13.08,5,26,1,9.4
1196,2025-10-06,Ontario,Small Business,Office Supplies,Standard,1,27.38,0,27.38,6.28,81,22,0,5.5
1197,2025-04-14,Prairies,Corporate,Home,Same Day,1,96.3,0,96.3,30.65,172,40,0,7.6
1198,2025-04-16,Ontario,Small Business,Grocery,Express,2,27.68,0.2,44.29,-3.25,171,38,0,6.7
1199,2025-08-31,Prairies,Small Business,Electronics,Express,4,169.32,0.1,609.55,47.15,199,45,0,8.9
1200,2025-04-23,Ontario,Corporate,Office Supplies,Standard,3,28.43,0.1,76.76,15.48,189,38,0,3.5
1201,2025-05-14,Atlantic,Consumer,Health & Beauty,Pickup,1,33.14,0.1,29.83,8.17,131,55,0,4.5
1202,2025-09-18,Ontario,Consumer,Grocery,Express,1,23.78,0.05,22.59,3.04,29,54,0,5.3
1203,2025-06-14,BC,Consumer,Seasonal,Standard,6,46.87,0,281.22,93.0,177,42,0,2.2
1204,2025-03-01,Prairies,Corporate,Home,Same Day,6,64.99,0.1,350.95,52.74,12,53,1,7.5
1205,2025-10-13,Ontario,Corporate,Apparel,Pickup,2,65.78,0.05,124.98,29.56,133,51,0,6.7
1206,2025-05-12,Atlantic,Corporate,Electronics,Pickup,8,167.68,0.15,1140.22,20.51,28,24,0,7.9
1207,2025-08-18,Prairies,Consumer,Grocery,Same Day,3,19.48,0,58.44,10.68,52,52,0,4.4
1208,2025-03-08,Atlantic,Corporate,Apparel,Express,5,39.76,0.05,188.86,51.7,166,29,0,3.7
1209,2025-11-25,BC,Consumer,Seasonal,Express,1,37.31,0,37.31,7.64,108,34,0,0.5
1210,2025-08-13,Quebec,Consumer,Grocery,Same Day,3,15.44,0,46.32,10.9,25,23,0,5.4
1211,2025-02-24,BC,Small Business,Electronics,Same Day,5,217.66,0,1088.3,130.34,209,36,0,3.6
1212,2025-01-16,Ontario,Consumer,Health & Beauty,Express,8,32.27,0.1,232.34,60.72,153,25,0,9.6
1213,2025-08-10,Prairies,Corporate,Electronics,Express,2,128.52,0.2,205.63,-3.1,71,49,0,3.2
1214,2025-11-05,Prairies,Corporate,Electronics,Standard,5,173.46,0.05,823.94,69.23,77,40,0,5.3
1215,2025-03-19,BC,Corporate,Seasonal,Same Day,6,84.65,0,507.9,163.22,51,38,0,10.8
1216,2025-02-05,Atlantic,Consumer,Seasonal,Same Day,6,56.69,0.15,289.12,13.23,201,48,0,9.3
1217,2025-01-05,Ontario,Consumer,Office Supplies,Express,2,13.42,0.1,24.16,6.52,168,46,0,7.6
1218,2025-05-22,Ontario,Corporate,Apparel,Express,4,23.95,0.15,81.43,15.16,55,37,0,5.7
1219,2025-09-27,Atlantic,Consumer,Electronics,Express,4,5,0.15,17.0,0.96,35,44,0,7.0
1220,2025-06-03,Ontario,Corporate,Health & Beauty,Standard,3,43.76,0.2,105.02,23.22,152,42,0,5.2
1221,2025-08-29,BC,Corporate,Office Supplies,Express,1,42.04,0.2,33.63,5.19,114,21,0,5.0
1222,2025-06-15,Prairies,Corporate,Home,Standard,6,71.92,0,431.52,96.55,64,52,0,8.1
1223,2025-04-24,Prairies,Corporate,Health & Beauty,Pickup,5,30.72,0.1,138.24,43.0,74,24,0,9.2
1224,2025-11-10,Ontario,Small Business,Office Supplies,Standard,1,23.32,0,23.32,5.46,191,49,0,3.9
1225,2025-12-28,Quebec,Consumer,Seasonal,Standard,1,44.37,0.1,39.93,9.22,89,28,0,3.4
1226,2025-08-17,Prairies,Small Business,Health & Beauty,Same Day,3,52.1,0,156.3,56.11,166,43,0,4.6
1227,2025-11-23,BC,Small Business,Seasonal,Same Day,2,29.3,0.15,49.81,2.2,168,34,0,5.1
1228,2025-01-19,BC,Consumer,Office Supplies,Standard,2,34.87,0,69.74,14.73,138,52,0,6.4
1229,2025-02-02,BC,Small Business,Apparel,Same Day,4,56.19,0.05,213.52,50.66,93,34,0,5.2
1230,2025-05-10,Ontario,Small Business,Seasonal,Express,7,50.37,0,352.59,83.2,3,38,1,10.3
1231,2025-05-18,Prairies,Small Business,Apparel,Express,6,46.08,0,276.48,64.52,60,41,0,4.4
1232,2025-11-09,BC,Consumer,Seasonal,Standard,3,66.57,0,199.71,43.21,11,40,0,5.1
1233,2025-05-03,BC,Consumer,Health & Beauty,Standard,2,40.88,0.05,77.67,23.22,51,39,0,4.3
1234,2025-03-25,Ontario,Corporate,Home,Pickup,5,85.69,0,428.45,96.75,30,24,0,3.2
1235,2025-02-14,Quebec,Small Business,Electronics,Pickup,4,215.72,0.15,733.45,-24.69,124,47,0,6.4
1236,2025-11-20,BC,Small Business,Home,Standard,2,115.61,0.15,196.54,24.51,98,37,0,4.7
1237,2025-01-17,BC,Corporate,Health & Beauty,Express,1,5.16,0,5.16,2.06,3,49,0,1.0
1238,2025-02-09,BC,Corporate,Home,Standard,7,96.45,0.2,540.12,55.92,84,52,0,2.8
1239,2025-10-12,Quebec,Consumer,Seasonal,Same Day,4,52.36,0.15,178.02,25.49,76,29,0,6.7
1240,2025-06-22,BC,Corporate,Health & Beauty,Same Day,5,20.12,0,100.6,30.18,113,36,0,4.9
1241,2025-08-01,Quebec,Consumer,Electronics,Same Day,4,91.97,0,367.88,48.22,199,44,0,1.1
1242,2025-09-19,Prairies,Small Business,Electronics,Same Day,6,251.7,0.05,1434.69,202.63,198,53,0,4.1
1243,2025-08-15,BC,Corporate,Grocery,Express,4,22.5,0.2,72.0,1.88,82,33,0,3.0
1244,2025-10-25,Ontario,Consumer,Seasonal,Same Day,8,21.24,0,169.92,35.19,9,41,1,6.4
1245,2025-01-30,Quebec,Small Business,Office Supplies,Standard,2,10.77,0.2,17.23,1.08,110,24,0,6.7
1246,2025-12-03,BC,Consumer,Electronics,Pickup,6,137.45,0,824.7,125.54,108,31,0,7.6
1247,2025-06-28,BC,Corporate,Electronics,Pickup,3,230.41,0.2,552.98,-32.52,36,26,0,6.9
1248,2025-04-12,Quebec,Consumer,Electronics,Pickup,3,240.31,0.2,576.74,-3.83,135,52,0,4.4
1249,2025-03-19,Atlantic,Small Business,Office Supplies,Standard,5,30.4,0.1,136.8,26.99,178,22,0,5.3
1250,2025-03-09,Prairies,Consumer,Apparel,Express,1,27.9,0.15,23.71,4.21,13,50,1,6.5
1251,2025-08-05,Ontario,Consumer,Apparel,Pickup,4,42.74,0.15,145.32,31.84,189,34,0,2.2
1252,2025-10-19,Prairies,Small Business,Grocery,Same Day,5,24.62,0.15,104.64,3.4,125,55,0,5.8
1253,2025-06-11,Atlantic,Corporate,Home,Express,4,62.18,0,248.72,58.7,17,25,1,7.1
1254,2025-06-24,Quebec,Corporate,Office Supplies,Express,2,41.51,0,83.02,20.35,198,36,0,5.6
1255,2025-09-20,BC,Small Business,Seasonal,Standard,3,37.42,0.05,106.65,14.19,39,40,0,4.8
1256,2025-04-30,Prairies,Corporate,Office Supplies,Pickup,3,34.81,0.15,88.77,13.9,77,51,0,7.7
1257,2025-04-18,Ontario,Corporate,Grocery,Standard,2,27.26,0.1,49.07,4.88,137,49,0,7.2
1258,2025-01-20,Prairies,Corporate,Health & Beauty,Express,5,43.59,0,217.95,67.2,101,21,0,5.6
1259,2025-06-18,Quebec,Small Business,Health & Beauty,Express,2,17.02,0,34.04,12.18,87,23,0,5.1
1260,2025-10-10,BC,Consumer,Office Supplies,Pickup,1,32.2,0.05,30.59,8.32,51,25,0,5.1
1261,2025-11-29,Ontario,Consumer,Office Supplies,Pickup,3,31.53,0.1,85.13,13.14,65,37,0,12.2
1262,2025-04-10,Prairies,Corporate,Home,Same Day,5,49.5,0,247.5,52.76,8,45,0,7.4
1263,2025-12-31,Atlantic,Corporate,Home,Standard,3,87.79,0,263.37,63.24,41,37,0,3.1
1264,2025-10-14,Prairies,Corporate,Seasonal,Pickup,3,75.47,0.05,215.09,33.0,32,54,0,4.7
1265,2025-12-02,Atlantic,Consumer,Office Supplies,Standard,2,30.08,0,60.16,20.44,109,50,0,5.2
1266,2025-01-10,Atlantic,Consumer,Seasonal,Express,5,87.64,0.2,350.56,21.33,113,30,0,3.6
1267,2025-11-17,Prairies,Consumer,Health & Beauty,Pickup,3,23.58,0.2,56.59,6.01,181,38,0,5.0
1268,2025-09-26,BC,Small Business,Grocery,Pickup,3,20.79,0.2,49.9,2.73,198,52,0,3.7
1269,2025-04-07,Prairies,Small Business,Office Supplies,Express,3,14.88,0,44.64,11.99,193,34,0,5.0
1270,2025-12-27,Ontario,Consumer,Health & Beauty,Standard,5,24.17,0.2,96.68,19.02,173,24,0,6.2
1271,2025-03-15,Atlantic,Corporate,Seasonal,Standard,4,55.41,0.15,188.39,18.56,127,29,0,5.4
1272,2025-01-25,Prairies,Consumer,Office Supplies,Standard,3,42.19,0.2,101.26,10.23,92,29,0,5.1
1273,2025-03-08,Ontario,Corporate,Office Supplies,Standard,5,34.34,0.05,163.12,38.34,195,55,0,5.8
1274,2025-12-09,Prairies,Corporate,Seasonal,Standard,5,51.9,0,259.5,51.19,85,35,0,9.2
1275,2025-07-16,BC,Small Business,Health & Beauty,Standard,3,30.41,0.05,86.67,24.17,39,20,0,5.8
1276,2025-03-13,BC,Consumer,Home,Express,7,55.77,0.1,351.35,55.28,15,33,1,7.1
1277,2025-07-30,BC,Consumer,Health & Beauty,Pickup,6,19.63,0,117.78,43.03,149,26,0,4.7
1278,2025-01-05,BC,Small Business,Electronics,Pickup,2,146.72,0.1,264.1,36.51,6,45,0,3.9
1279,2025-07-10,Atlantic,Consumer,Seasonal,Express,3,55.38,0,166.14,27.08,113,30,0,5.6
1280,2025-06-03,Quebec,Consumer,Health & Beauty,Pickup,6,26.01,0,156.06,40.4,158,33,0,4.3
1281,2025-01-23,Ontario,Corporate,Apparel,Same Day,4,72.77,0,291.08,87.64,158,49,0,6.8
1282,2025-12-01,Atlantic,Corporate,Apparel,Express,5,66.89,0,334.45,120.95,87,49,0,5.1
1283,2025-08-27,Prairies,Corporate,Apparel,Same Day,5,17.33,0,86.65,27.64,184,42,0,4.4
1284,2025-09-26,Prairies,Small Business,Apparel,Pickup,4,38.87,0.05,147.71,40.48,217,48,0,7.7
1285,2025-05-13,Prairies,Consumer,Apparel,Standard,3,53.04,0.1,143.21,35.2,186,23,0,3.2
1286,2025-12-09,Atlantic,Small Business,Office Supplies,Express,1,15.05,0.05,14.3,2.84,137,32,0,5.8
1287,2025-12-15,Prairies,Consumer,Health & Beauty,Express,4,21.0,0.15,71.4,17.36,78,50,0,5.8
1288,2025-04-20,Quebec,Corporate,Grocery,Express,4,25.18,0,100.72,19.51,143,38,0,4.4
1289,2025-11-02,Prairies,Small Business,Grocery,Standard,4,33.39,0.2,106.85,7.74,64,37,0,6.2
1290,2025-11-10,BC,Consumer,Health & Beauty,Pickup,4,25.84,0,103.36,30.18,152,20,0,6.2
1291,2025-07-06,Prairies,Consumer,Home,Express,2,56.3,0,112.6,28.19,122,39,0,6.3
1292,2025-09-18,Ontario,Consumer,Home,Standard,1,47.59,0.1,42.83,8.81,40,22,0,8.3
1293,2025-05-20,Ontario,Consumer,Home,Express,6,67.59,0,405.54,107.9,18,40,0,5.6
1294,2025-06-04,Prairies,Corporate,Home,Same Day,4,91.66,0.2,293.31,30.62,102,34,0,5.9
1295,2025-12-25,Quebec,Corporate,Electronics,Pickup,3,49.24,0,147.72,29.68,198,47,0,3.8
1296,2025-10-12,Quebec,Corporate,Electronics,Standard,7,312.49,0.1,1968.69,137.23,180,21,0,3.4
1297,2025-04-26,Quebec,Small Business,Seasonal,Same Day,2,13.96,0.15,23.73,2.6,37,20,0,5.1
1298,2025-01-30,Ontario,Corporate,Health & Beauty,Standard,1,35.34,0,35.34,10.81,103,46,0,3.3
1299,2025-04-10,Atlantic,Small Business,Office Supplies,Pickup,3,23.77,0,71.31,19.11,176,41,0,5.9
1300,2025-08-05,BC,Small Business,Seasonal,Standard,5,41.26,0.05,195.98,32.83,167,49,0,6.7
1301,2025-10-20,Ontario,Small Business,Home,Standard,3,16.76,0.15,42.74,4.0,192,55,0,6.5
1302,2025-11-02,BC,Consumer,Home,Pickup,5,68.31,0,341.55,90.8,59,30,0,3.2
1303,2025-05-11,BC,Small Business,Home,Express,4,63.09,0.2,201.89,9.11,168,20,0,9.2
1304,2025-05-11,Quebec,Small Business,Apparel,Express,5,8.64,0.2,34.56,7.42,14,45,1,9.7
1305,2025-01-27,Prairies,Consumer,Electronics,Standard,6,309.55,0.2,1485.84,-62.52,61,52,0,9.3
1306,2025-12-03,BC,Corporate,Electronics,Pickup,3,121.64,0.05,346.67,53.76,25,31,0,3.2
1307,2025-11-22,Ontario,Small Business,Office Supplies,Standard,7,38.66,0.15,230.03,24.2,119,39,0,2.7
1308,2025-06-26,Prairies,Corporate,Home,Express,2,38.46,0.2,61.54,4.34,42,50,0,3.0
1309,2025-01-29,Quebec,Consumer,Grocery,Express,3,29.76,0.1,80.35,0.45,7,23,1,4.8
1310,2025-10-27,Atlantic,Small Business,Electronics,Standard,2,280.93,0.15,477.58,31.28,192,25,0,3.4
1311,2025-01-17,Quebec,Corporate,Apparel,Pickup,2,42.68,0,85.36,28.51,204,51,0,3.0
1312,2025-12-16,Ontario,Small Business,Office Supplies,Same Day,2,40.84,0.15,69.43,11.8,71,53,0,3.0
1313,2025-04-07,Prairies,Corporate,Electronics,Express,1,122.99,0.15,104.54,3.88,105,53,0,7.2
1314,2025-12-30,Prairies,Consumer,Home,Standard,4,66.72,0.05,253.54,40.31,81,42,0,4.1
1315,2025-07-23,Atlantic,Consumer,Office Supplies,Standard,2,37.11,0.15,63.09,10.2,142,51,0,7.0
1316,2025-11-28,Quebec,Small Business,Electronics,Express,1,196.82,0,196.82,22.87,53,51,0,6.7
1317,2025-05-22,Quebec,Consumer,Grocery,Express,1,27.46,0,27.46,4.7,188,23,0,6.3
1318,2025-07-31,Quebec,Consumer,Seasonal,Same Day,5,60.73,0.05,288.47,44.94,60,44,0,5.6
1319,2025-02-01,Atlantic,Small Business,Seasonal,Same Day,3,71.38,0.2,171.31,14.88,217,50,0,4.9
1320,2025-11-06,Atlantic,Consumer,Apparel,Standard,4,56.67,0,226.68,81.23,212,40,0,4.2
1321,2025-06-04,BC,Corporate,Home,Pickup,5,120.43,0.1,541.94,82.31,79,53,0,10.4
1322,2025-09-08,Atlantic,Small Business,Apparel,Express,5,55.36,0.2,221.44,36.83,40,21,0,6.7
1323,2025-02-05,BC,Corporate,Health & Beauty,Same Day,8,26.54,0,212.32,74.5,190,31,0,4.4
1324,2025-07-15,BC,Corporate,Home,Pickup,2,21.32,0,42.64,10.9,203,40,0,3.9
1325,2025-12-24,Ontario,Small Business,Apparel,Express,4,56.42,0.15,191.83,46.72,92,27,0,4.6
1326,2025-04-10,Quebec,Corporate,Health & Beauty,Pickup,7,37.24,0.2,208.54,38.01,219,31,0,6.3
1327,2025-03-08,Quebec,Consumer,Grocery,Same Day,4,20.68,0,82.72,19.43,48,52,0,2.2
1328,2025-07-17,Ontario,Consumer,Grocery,Standard,3,14.72,0.15,37.54,2.64,79,50,0,5.5
1329,2025-01-03,Prairies,Consumer,Home,Same Day,2,105.58,0.05,200.6,35.41,66,25,0,4.4
1330,2025-04-15,Prairies,Corporate,Health & Beauty,Same Day,1,28.5,0.15,24.22,5.14,100,28,0,5.3
1331,2025-07-05,Ontario,Small Business,Health & Beauty,Same Day,2,24.01,0.1,43.22,11.59,94,22,0,4.1
1332,2025-04-16,Quebec,Small Business,Home,Same Day,3,28.47,0.1,76.87,17.13,1,47,1,9.0
1333,2025-12-24,Quebec,Small Business,Home,Express,1,82.75,0.15,70.34,9.6,44,29,0,8.1
1334,2025-11-01,Atlantic,Consumer,Office Supplies,Standard,5,38.05,0,190.25,57.05,166,21,0,5.8
1335,2025-08-24,Quebec,Small Business,Grocery,Express,2,12.93,0.1,23.27,3.04,80,40,0,7.2
1336,2025-10-26,Quebec,Small Business,Health & Beauty,Express,4,25.73,0,102.92,37.63,15,35,1,6.3
1337,2025-06-29,Quebec,Consumer,Health & Beauty,Express,2,14.27,0,28.54,10.52,170,34,0,6.2
1338,2025-12-12,Atlantic,Corporate,Seasonal,Express,3,42.86,0.2,102.86,7.01,12,34,0,3.8
1339,2025-07-02,Quebec,Consumer,Grocery,Express,1,16.55,0,16.55,3.8,109,47,0,7.1
1340,2025-06-23,Quebec,Small Business,Health & Beauty,Same Day,1,25.21,0,25.21,9.24,181,43,0,3.4
1341,2025-07-20,Quebec,Corporate,Home,Same Day,4,82.82,0,331.28,66.44,162,23,0,9.7
1342,2025-08-26,Quebec,Corporate,Grocery,Same Day,4,23.65,0.05,89.87,15.49,103,32,0,5.1
1343,2025-05-01,Ontario,Small Business,Office Supplies,Pickup,3,36.87,0.2,88.49,2.3,186,48,0,8.8
1344,2025-02-11,Atlantic,Small Business,Seasonal,Express,4,53.67,0,214.68,51.88,103,55,0,7.6
1345,2025-10-31,Atlantic,Small Business,Grocery,Express,1,26.11,0.15,22.19,0.71,27,31,0,4.0
1346,2025-01-24,Atlantic,Corporate,Electronics,Standard,3,237.64,0,712.92,123.28,57,44,0,6.2
1347,2025-06-17,Prairies,Corporate,Home,Express,2,63.86,0,127.72,40.23,18,55,0,7.3
1348,2025-12-28,BC,Small Business,Apparel,Same Day,4,59.0,0,236.0,80.88,145,54,0,5.7
1349,2025-06-21,Quebec,Small Business,Electronics,Pickup,3,190.66,0.15,486.18,7.35,106,43,0,8.7
1350,2025-06-19,Quebec,Consumer,Electronics,Pickup,4,181.27,0.1,652.57,57.57,105,25,0,6.0
1351,2025-07-06,Ontario,Corporate,Electronics,Express,1,154.22,0,154.22,15.23,153,50,0,3.8
1352,2025-04-22,Quebec,Small Business,Apparel,Same Day,1,55.07,0,55.07,16.14,72,47,0,5.5
1353,2025-03-30,Atlantic,Small Business,Office Supplies,Express,5,27.39,0.05,130.1,34.98,71,36,0,7.2
1354,2025-02-15,Prairies,Small Business,Electronics,Standard,6,165.92,0,995.52,132.55,148,32,0,6.5
1355,2025-11-01,Ontario,Corporate,Office Supplies,Standard,4,5,0.05,19.0,4.24,81,21,0,6.0
1356,2025-08-25,Quebec,Small Business,Home,Same Day,6,55.24,0.05,314.87,69.44,3,21,1,9.7
1357,2025-01-17,Ontario,Small Business,Grocery,Express,1,28.95,0,28.95,4.97,94,26,0,4.5
1358,2025-05-25,Prairies,Corporate,Office Supplies,Same Day,2,67.69,0,135.38,33.42,85,40,0,4.0
1359,2025-02-11,BC,Consumer,Health & Beauty,Pickup,6,28.69,0,172.14,62.07,9,34,1,9.2
1360,2025-05-15,Atlantic,Small Business,Office Supplies,Express,1,17.35,0,17.35,3.73,83,28,0,8.4
1361,2025-08-21,Atlantic,Consumer,Office Supplies,Pickup,6,55.28,0,331.68,91.44,133,48,0,6.7
1362,2025-07-30,Ontario,Small Business,Seasonal,Pickup,4,55.52,0.2,177.66,14.23,179,41,0,4.8
1363,2025-06-07,Ontario,Small Business,Office Supplies,Standard,1,39.75,0,39.75,12.57,181,48,0,4.6
1364,2025-12-07,Ontario,Consumer,Home,Express,5,82.78,0.1,372.51,67.29,113,25,0,4.2
1365,2025-08-27,BC,Small Business,Health & Beauty,Express,2,34.16,0.15,58.07,8.97,53,46,0,4.4
1366,2025-09-02,Prairies,Consumer,Electronics,Same Day,3,191.43,0.15,488.15,3.3,131,31,0,4.9
1367,2025-02-07,Quebec,Small Business,Home,Standard,3,78.36,0.2,188.06,29.45,213,52,0,6.4
1368,2025-04-14,Atlantic,Consumer,Apparel,Standard,1,28.32,0,28.32,8.53,195,46,0,5.9
1369,2025-05-13,Prairies,Small Business,Grocery,Same Day,3,28.63,0,85.89,18.45,171,54,0,4.6
1370,2025-01-02,Quebec,Small Business,Electronics,Express,2,27.8,0.05,52.82,7.42,9,21,1,6.3
1371,2025-01-16,Ontario,Small Business,Electronics,Express,4,177.23,0,708.92,123.62,204,34,0,3.7
1372,2025-12-18,Prairies,Small Business,Apparel,Same Day,3,27.86,0,83.58,25.92,57,42,0,3.9
1373,2025-07-21,Atlantic,Corporate,Apparel,Pickup,4,48.31,0.2,154.59,26.75,97,33,0,6.1
1374,2025-07-19,Quebec,Small Business,Seasonal,Pickup,3,52.58,0.05,149.85,14.97,69,28,0,0.6
1375,2025-12-05,Atlantic,Corporate,Office Supplies,Same Day,3,40.76,0,122.28,32.4,47,48,1,8.2
1376,2025-08-24,BC,Small Business,Apparel,Pickup,3,30.5,0.1,82.35,18.25,77,31,0,4.7
1377,2025-05-06,Quebec,Small Business,Home,Express,5,35.26,0,176.3,50.15,219,34,0,6.5
1378,2025-03-23,Atlantic,Small Business,Electronics,Pickup,1,321.34,0,321.34,59.3,172,53,0,4.0
1379,2025-03-21,Ontario,Corporate,Health & Beauty,Pickup,7,21.11,0,147.77,52.33,157,39,0,11.9
1380,2025-04-20,Ontario,Consumer,Seasonal,Standard,4,69.7,0.15,236.98,4.83,190,23,0,6.3
1381,2025-05-21,Atlantic,Small Business,Office Supplies,Same Day,4,54.6,0.2,174.72,10.64,151,25,0,0.5
1382,2025-03-29,Atlantic,Consumer,Office Supplies,Standard,6,21.13,0.1,114.1,21.35,81,54,0,3.5
1383,2025-12-23,BC,Corporate,Grocery,Same Day,3,18.56,0,55.68,11.88,51,25,0,6.7
1384,2025-08-25,Prairies,Small Business,Grocery,Pickup,4,16.33,0,65.32,13.04,34,48,1,6.6
1385,2025-02-16,BC,Consumer,Home,Express,4,57.61,0,230.44,63.81,20,30,1,9.1
1386,2025-06-14,Ontario,Small Business,Home,Pickup,5,75.96,0,379.8,87.9,4,54,1,8.4
1387,2025-09-06,Atlantic,Small Business,Electronics,Pickup,5,257.64,0,1288.2,180.19,88,47,0,4.0
1388,2025-06-14,Prairies,Consumer,Grocery,Express,6,21.65,0.15,110.41,18.68,97,26,0,4.6
1389,2025-10-06,BC,Consumer,Electronics,Standard,5,202.9,0.1,913.05,77.08,138,32,0,8.2
1390,2025-08-18,BC,Small Business,Health & Beauty,Express,2,21.58,0,43.16,17.35,177,48,0,8.7
1391,2025-12-04,Ontario,Small Business,Office Supplies,Standard,2,36.69,0.05,69.71,13.21,63,52,0,7.4
1392,2025-11-13,Quebec,Corporate,Seasonal,Standard,5,66.21,0.1,297.94,42.47,53,51,0,7.3
1393,2025-06-01,BC,Small Business,Grocery,Pickup,6,24.61,0.2,118.13,2.5,210,32,0,4.0
1394,2025-09-03,BC,Small Business,Apparel,Express,4,43.31,0,173.24,61.32,7,24,1,3.9
1395,2025-08-04,Ontario,Consumer,Grocery,Pickup,7,27.63,0.1,174.07,21.97,199,49,0,5.3
1396,2025-01-04,BC,Consumer,Grocery,Express,7,28.12,0.05,187.0,27.37,214,39,0,6.5
1397,2025-06-14,Atlantic,Corporate,Home,Pickup,6,40.94,0,245.64,66.82,89,21,0,4.5
1398,2025-09-12,BC,Corporate,Office Supplies,Standard,5,33.63,0,168.15,52.66,132,49,0,3.2
1399,2025-06-21,BC,Corporate,Apparel,Standard,5,31.18,0.05,148.1,41.11,18,52,1,7.2
1400,2025-09-12,Ontario,Corporate,Home,Standard,4,138.15,0.1,497.34,102.87,24,49,0,6.4
1401,2025-06-03,Ontario,Small Business,Seasonal,Same Day,2,67.99,0,135.98,30.32,122,22,0,9.2
1402,2025-02-16,BC,Consumer,Health & Beauty,Same Day,8,24.49,0,195.92,66.89,198,46,0,5.0
1403,2025-08-19,BC,Consumer,Health & Beauty,Same Day,1,23.31,0.1,20.98,5.56,65,29,0,0.8
1404,2025-01-07,Prairies,Small Business,Apparel,Same Day,1,61.6,0.1,55.44,13.33,161,41,0,4.6
1405,2025-08-01,Prairies,Consumer,Office Supplies,Pickup,3,37.05,0.05,105.59,20.21,165,42,0,6.7
1406,2025-06-03,Atlantic,Corporate,Seasonal,Same Day,3,48.48,0.15,123.62,16.18,171,40,0,6.0
1407,2025-08-21,Quebec,Small Business,Health & Beauty,Pickup,4,31.51,0.05,119.74,42.77,114,46,0,7.6
1408,2025-05-23,Quebec,Small Business,Grocery,Pickup,4,20.74,0.1,74.66,3.18,146,44,0,6.8
1409,2025-07-26,Prairies,Small Business,Electronics,Express,6,148.91,0,893.46,166.81,87,21,0,9.4
1410,2025-12-24,Ontario,Small Business,Office Supplies,Pickup,2,44.96,0.15,76.43,9.3,202,22,0,3.6
1411,2025-08-07,Prairies,Corporate,Electronics,Pickup,1,277.66,0.1,249.89,21.86,204,55,0,5.7
1412,2025-08-21,Prairies,Small Business,Office Supplies,Same Day,1,36.75,0,36.75,13.2,205,55,0,6.6
1413,2025-08-08,Quebec,Corporate,Electronics,Same Day,3,217.87,0.1,588.25,63.26,12,28,0,5.7
1414,2025-07-25,Prairies,Corporate,Home,Standard,4,59.37,0,237.48,51.96,179,53,0,6.0
1415,2025-01-15,Atlantic,Corporate,Health & Beauty,Same Day,4,36.31,0.05,137.98,46.88,141,28,0,7.0
1416,2025-06-26,Atlantic,Consumer,Electronics,Same Day,5,122.17,0.05,580.31,11.64,78,53,0,8.2
1417,2025-09-27,BC,Small Business,Apparel,Standard,1,61.24,0.1,55.12,13.98,213,23,0,7.7
1418,2025-04-14,Prairies,Corporate,Health & Beauty,Express,4,25.39,0.1,91.4,26.06,51,25,0,7.4
1419,2025-05-11,Prairies,Corporate,Apparel,Same Day,1,38.94,0,38.94,12.85,87,53,0,5.9
1420,2025-12-12,Ontario,Small Business,Apparel,Same Day,1,39.79,0,39.79,13.63,74,23,0,8.3
1421,2025-08-12,Atlantic,Consumer,Grocery,Same Day,2,16.22,0.15,27.57,0.64,86,20,0,4.6
1422,2025-11-22,Ontario,Corporate,Home,Standard,1,77.73,0,77.73,18.77,138,48,0,7.4
1423,2025-09-16,Atlantic,Corporate,Apparel,Express,6,33.77,0.15,172.23,29.2,117,25,0,5.7
1424,2025-04-11,Ontario,Consumer,Apparel,Pickup,3,52.26,0.15,133.26,18.51,172,28,0,6.4
1425,2025-11-29,Ontario,Consumer,Grocery,Standard,1,12.44,0,12.44,1.72,79,45,0,8.0
1426,2025-08-03,BC,Small Business,Apparel,Standard,4,44.25,0.05,168.15,48.38,107,38,0,6.3
1427,2025-07-16,Ontario,Corporate,Electronics,Standard,5,167.87,0.1,755.42,62.77,0,22,0,1.6
1428,2025-05-08,Prairies,Consumer,Seasonal,Pickup,3,68.91,0,206.73,55.89,63,34,0,8.4
1429,2025-12-09,BC,Small Business,Health & Beauty,Standard,4,26.75,0.1,96.3,22.26,86,42,0,5.4
1430,2025-05-14,Quebec,Corporate,Office Supplies,Express,3,28.62,0,85.86,24.49,93,25,0,6.7
1431,2025-11-09,Quebec,Corporate,Home,Standard,1,106.61,0,106.61,25.26,57,33,0,4.0
1432,2025-03-29,BC,Consumer,Electronics,Express,5,262.14,0.1,1179.63,73.48,151,37,0,4.9
1433,2025-04-26,Quebec,Consumer,Home,Same Day,4,50.54,0.2,161.73,8.13,144,55,0,7.7
1434,2025-05-24,Atlantic,Corporate,Grocery,Same Day,2,14.5,0,29.0,2.86,153,22,0,8.1
1435,2025-12-25,Prairies,Corporate,Grocery,Standard,9,29.14,0,262.26,51.65,101,44,0,6.0
1436,2025-01-31,Atlantic,Consumer,Seasonal,Same Day,3,59.63,0,178.89,33.14,104,25,0,2.3
1437,2025-05-05,Atlantic,Small Business,Health & Beauty,Express,9,45.7,0,411.3,119.9,190,35,0,2.7
1438,2025-09-03,Quebec,Consumer,Grocery,Same Day,4,20.53,0,82.12,12.46,2,34,1,6.3
1439,2025-03-07,BC,Small Business,Seasonal,Express,1,43.89,0.2,35.11,2.86,139,52,0,5.2
1440,2025-09-18,BC,Small Business,Office Supplies,Same Day,3,42.58,0.15,108.58,17.0,126,20,0,1.8
1441,2025-01-13,BC,Small Business,Office Supplies,Express,6,38.89,0,233.34,73.05,57,49,0,5.4
1442,2025-04-19,Prairies,Corporate,Home,Same Day,1,64.96,0,64.96,18.0,156,22,0,5.1
1443,2025-08-02,BC,Consumer,Grocery,Pickup,7,28.78,0.2,161.17,4.16,45,23,0,4.2
1444,2025-12-18,Quebec,Consumer,Grocery,Standard,1,38.22,0,38.22,8.42,212,36,0,4.5
1445,2025-11-05,Ontario,Small Business,Apparel,Same Day,6,41.24,0.1,222.7,44.89,51,40,0,4.0
1446,2025-12-09,Atlantic,Corporate,Electronics,Pickup,5,116.25,0.15,494.06,-28.06,181,33,0,10.1
1447,2025-07-09,Ontario,Corporate,Grocery,Pickup,2,18.16,0.15,30.87,1.0,95,49,0,3.0
1448,2025-02-23,Atlantic,Consumer,Electronics,Standard,3,110.04,0,330.12,56.19,51,29,0,5.2
1449,2025-02-21,Atlantic,Corporate,Home,Pickup,3,95.28,0,285.84,62.84,213,43,0,7.6
1450,2025-10-02,BC,Small Business,Seasonal,Standard,5,97.23,0,486.15,107.35,2,34,0,7.4
1451,2025-08-16,Ontario,Consumer,Office Supplies,Pickup,7,52.04,0,364.28,97.38,100,50,0,2.0
1452,2025-08-24,Ontario,Consumer,Seasonal,Express,4,77.33,0,309.32,62.26,7,21,1,12.1
1453,2025-05-14,Prairies,Small Business,Home,Same Day,2,51.56,0.15,87.65,6.5,160,31,0,5.1
1454,2025-04-03,Atlantic,Consumer,Apparel,Express,3,64.26,0.1,173.5,31.01,87,28,0,6.7
1455,2025-08-09,Quebec,Small Business,Electronics,Same Day,3,32.96,0,98.88,18.97,6,34,1,10.3
1456,2025-12-13,Atlantic,Small Business,Grocery,Pickup,6,23.43,0,140.58,16.92,202,27,0,5.4
1457,2025-04-30,Atlantic,Corporate,Home,Express,4,98.88,0.1,355.97,64.6,167,35,0,5.9
1458,2025-11-20,BC,Corporate,Home,Pickup,2,93.28,0,186.56,40.81,188,51,0,3.6
1459,2025-08-11,Ontario,Small Business,Home,Express,4,88.23,0.1,317.63,66.5,63,29,0,3.3
1460,2025-08-04,BC,Small Business,Electronics,Same Day,2,164.57,0,329.14,21.61,150,41,0,8.5
1461,2025-04-09,Atlantic,Corporate,Electronics,Standard,6,186.5,0,1119.0,123.4,14,42,1,6.7
1462,2025-07-18,BC,Corporate,Office Supplies,Same Day,5,35.21,0.1,158.45,23.88,188,52,0,3.0
1463,2025-02-28,Ontario,Small Business,Seasonal,Standard,4,73.7,0,294.8,81.6,177,31,0,6.1
1464,2025-10-07,Prairies,Small Business,Home,Standard,2,70.33,0.15,119.56,15.25,109,28,0,6.0
1465,2025-03-08,Ontario,Small Business,Electronics,Pickup,1,169.25,0,169.25,10.0,13,29,0,7.8
1466,2025-06-29,Atlantic,Small Business,Apparel,Same Day,5,21.42,0.1,96.39,17.26,19,52,1,6.8
1467,2025-06-14,Quebec,Corporate,Office Supplies,Express,5,40.26,0.2,161.04,19.03,83,54,0,3.2
1468,2025-12-20,Ontario,Corporate,Seasonal,Standard,5,42.05,0.05,199.74,31.09,33,30,0,7.4
1469,2025-04-05,Prairies,Consumer,Office Supplies,Same Day,6,36.29,0,217.74,50.21,91,36,0,5.5
1470,2025-11-23,BC,Small Business,Office Supplies,Pickup,6,35.16,0.15,179.32,25.42,3,21,0,7.2
1471,2025-01-22,Atlantic,Small Business,Apparel,Standard,3,21.4,0,64.2,22.21,135,28,0,3.6
1472,2025-08-21,Prairies,Consumer,Apparel,Pickup,4,45.55,0.1,163.98,43.38,135,44,0,7.5
1473,2025-12-06,BC,Consumer,Grocery,Same Day,1,32.27,0.2,25.82,1.22,7,26,1,8.1
1474,2025-11-16,BC,Small Business,Grocery,Express,2,25.14,0,50.28,8.64,39,49,1,7.2
1475,2025-05-28,Atlantic,Consumer,Office Supplies,Pickup,3,30.28,0,90.84,22.86,190,44,0,6.6
1476,2025-09-13,Quebec,Corporate,Electronics,Standard,3,141.11,0.05,402.16,33.66,220,28,0,4.6
1477,2025-07-10,BC,Small Business,Home,Pickup,4,124.85,0,499.4,72.11,190,31,0,4.8
1478,2025-08-15,Quebec,Small Business,Home,Same Day,4,33.48,0.1,120.53,24.61,186,41,0,3.9
1479,2025-09-18,Quebec,Small Business,Office Supplies,Same Day,3,10.86,0.15,27.69,5.05,140,50,0,9.2
1480,2025-10-29,Ontario,Small Business,Electronics,Same Day,6,103.32,0.05,588.92,40.29,56,39,0,10.2
1481,2025-06-07,Prairies,Small Business,Home,Pickup,3,40.22,0.15,102.56,11.08,34,40,1,8.9
1482,2025-07-07,Quebec,Consumer,Seasonal,Pickup,2,63.25,0.1,113.85,11.09,168,34,0,3.0
1483,2025-10-11,BC,Small Business,Seasonal,Standard,1,48.39,0,48.39,11.09,54,34,0,7.2
1484,2025-09-12,BC,Corporate,Office Supplies,Pickup,3,20.79,0.1,56.13,9.62,85,52,0,6.9
1485,2025-10-08,BC,Corporate,Health & Beauty,Express,5,27.52,0.1,123.84,34.04,218,49,0,5.4
1486,2025-10-20,Atlantic,Small Business,Health & Beauty,Pickup,2,29.03,0,58.06,21.72,148,53,0,4.9
1487,2025-06-14,BC,Corporate,Seasonal,Express,3,53.19,0,159.57,46.71,28,53,0,5.2
1488,2025-02-21,BC,Consumer,Grocery,Standard,3,16.7,0,50.1,7.11,213,49,0,3.0
1489,2025-10-13,Atlantic,Corporate,Grocery,Pickup,3,15.78,0.1,42.61,5.9,69,35,0,3.8
1490,2025-12-14,Quebec,Consumer,Electronics,Pickup,1,177.91,0.2,142.33,-4.6,198,39,0,7.3
1491,2025-11-19,BC,Small Business,Health & Beauty,Express,3,33.55,0.05,95.62,27.53,185,23,0,9.7
1492,2025-04-05,Quebec,Corporate,Home,Same Day,4,80.91,0.2,258.91,33.31,89,54,0,2.7
1493,2025-09-12,Prairies,Small Business,Home,Same Day,2,112.79,0.2,180.46,21.42,59,38,0,5.2
1494,2025-10-28,Atlantic,Small Business,Apparel,Same Day,3,6.3,0.05,17.95,3.88,2,44,0,5.6
1495,2025-04-20,Prairies,Corporate,Apparel,Standard,6,61.24,0.1,330.7,90.63,32,27,0,7.6
1496,2025-03-06,Quebec,Corporate,Home,Standard,3,85.59,0.05,243.93,45.24,22,38,1,6.6
1497,2025-12-12,Prairies,Small Business,Apparel,Pickup,1,68.66,0.2,54.93,10.27,156,41,0,6.4
1498,2025-07-20,Atlantic,Consumer,Office Supplies,Standard,2,33.37,0.2,53.39,5.26,22,26,1,5.0
1499,2025-04-24,Atlantic,Consumer,Office Supplies,Express,6,34.07,0.15,173.76,29.29,95,51,0,4.4
1500,2025-07-20,Quebec,Consumer,Electronics,Same Day,1,134.22,0.05,127.51,10.36,162,53,0,5.6
